name,pos,team,adp,adp_sd,proj,bye,note,player_id,projection_sd,source_count,independent_sources,evidence_mode,expected_games,projection_convention,performance_sd
Jahmyr Gibbs,RB,DET,1.32,,344.7,,Source update time unknown; fetch time is not content freshness; Assumed zero for two_pt: ESPN adapter does not currently map two-point projections; Source independence is unverified; do not claim independent consensus; Assumed zero for two_pt: Source table does not publish two-point projections; explicit zero approximation; ADP spread unavailable; engine may use an explicitly assumed price spread; Player expected games not established; provider conventions retained without assuming 17 games,espn:4429795,16.786965843243458,3,2,limited,,season_total,
Bijan Robinson,RB,ATL,2.39,,316.6,,Source update time unknown; fetch time is not content freshness; Assumed zero for two_pt: ESPN adapter does not currently map two-point projections; Source independence is unverified; do not claim independent consensus; Assumed zero for two_pt: Source table does not publish two-point projections; explicit zero approximation; ADP spread unavailable; engine may use an explicitly assumed price spread; Player expected games not established; provider conventions retained without assuming 17 games,espn:4430807,2.491318258807315,3,2,limited,,season_total,
Ja'Marr Chase,WR,CIN,4.25,,277.4,,Source update time unknown; fetch time is not content freshness; Assumed zero for two_pt: ESPN adapter does not currently map two-point projections; Source independence is unverified; do not claim independent consensus; Assumed zero for two_pt: Source table does not publish two-point projections; explicit zero approximation; ADP spread unavailable; engine may use an explicitly assumed price spread; Player expected games not established; provider conventions retained without assuming 17 games,espn:4362628,1.3274871834493183,3,2,limited,,season_total,
Puka Nacua,WR,LAR,5.33,,293.6,,Source update time unknown; fetch time is not content freshness; Assumed zero for two_pt: ESPN adapter does not currently map two-point projections; Source independence is unverified; do not claim independent consensus; Assumed zero for two_pt: Source table does not publish two-point projections; explicit zero approximation; ADP spread unavailable; engine may use an explicitly assumed price spread; Player expected games not established; provider conventions retained without assuming 17 games,espn:4426515,12.404658623096221,3,2,limited,,season_total,
Jonathan Taylor,RB,IND,6.17,,296.1,,Source update time unknown; fetch time is not content freshness; Assumed zero for two_pt: ESPN adapter does not currently map two-point projections; Source independence is unverified; do not claim independent consensus; Assumed zero for two_pt: Source table does not publish two-point projections; explicit zero approximation; ADP spread unavailable; engine may use an explicitly assumed price spread; Player expected games not established; provider conventions retained without assuming 17 games,espn:4242335,11.034894149419333,3,2,limited,,season_total,
Jaxon Smith-Njigba,WR,SEA,6.34,,275.6,,Source update time unknown; fetch time is not content freshness; Assumed zero for two_pt: ESPN adapter does not currently map two-point projections; Source independence is unverified; do not claim independent consensus; Assumed zero for two_pt: Source table does not publish two-point projections; explicit zero approximation; ADP spread unavailable; engine may use an explicitly assumed price spread; Player expected games not established; provider conventions retained without assuming 17 games,espn:4430878,10.156224145266222,3,2,limited,,season_total,
Christian McCaffrey,RB,SF,7.72,,292.0,,Source update time unknown; fetch time is not content freshness; Assumed zero for two_pt: ESPN adapter does not currently map two-point projections; Source independence is unverified; do not claim independent consensus; Assumed zero for two_pt: Source table does not publish two-point projections; explicit zero approximation; ADP spread unavailable; engine may use an explicitly assumed price spread; Player expected games not established; provider conventions retained without assuming 17 games,espn:3117251,7.307986498801604,3,2,limited,,season_total,
Amon-Ra St. Brown,WR,DET,8.44,,266.1,,Source update time unknown; fetch time is not content freshness; Assumed zero for two_pt: ESPN adapter does not currently map two-point projections; Source independence is unverified; do not claim independent consensus; Assumed zero for two_pt: Source table does not publish two-point projections; explicit zero approximation; ADP spread unavailable; engine may use an explicitly assumed price spread; Player expected games not established; provider conventions retained without assuming 17 games,espn:4374302,4.643513995049665,3,2,limited,,season_total,
James Cook III,RB,BUF,10.1,,257.9,,Source update time unknown; fetch time is not content freshness; Assumed zero for two_pt: ESPN adapter does not currently map two-point projections; Source independence is unverified; do not claim independent consensus; Assumed zero for two_pt: Source table does not publish two-point projections; explicit zero approximation; ADP spread unavailable; engine may use an explicitly assumed price spread; Player expected games not established; provider conventions retained without assuming 17 games,espn:4379399,2.999999999999986,2,1,limited,,season_total,
CeeDee Lamb,WR,DAL,11.67,,232.6,,Source update time unknown; fetch time is not content freshness; Assumed zero for two_pt: ESPN adapter does not currently map two-point projections; Source independence is unverified; do not claim independent consensus; Assumed zero for two_pt: Source table does not publish two-point projections; explicit zero approximation; ADP spread unavailable; engine may use an explicitly assumed price spread; Player expected games not established; provider conventions retained without assuming 17 games,espn:4241389,7.912437466840837,3,2,limited,,season_total,
Justin Jefferson,WR,MIN,12.47,,225.6,,Source update time unknown; fetch time is not content freshness; Assumed zero for two_pt: ESPN adapter does not currently map two-point projections; Source independence is unverified; do not claim independent consensus; Assumed zero for two_pt: Source table does not publish two-point projections; explicit zero approximation; ADP spread unavailable; engine may use an explicitly assumed price spread; Player expected games not established; provider conventions retained without assuming 17 games,espn:4262921,9.320348109855601,3,2,limited,,season_total,
De'Von Achane,RB,MIA,12.89,,269.6,,Source update time unknown; fetch time is not content freshness; Assumed zero for two_pt: ESPN adapter does not currently map two-point projections; Source independence is unverified; do not claim independent consensus; Assumed zero for two_pt: Source table does not publish two-point projections; explicit zero approximation; ADP spread unavailable; engine may use an explicitly assumed price spread; Player expected games not established; provider conventions retained without assuming 17 games,espn:4429160,9.061272905429268,3,2,limited,,season_total,
Saquon Barkley,RB,PHI,14.04,,247.9,,Source update time unknown; fetch time is not content freshness; Assumed zero for two_pt: ESPN adapter does not currently map two-point projections; Source independence is unverified; do not claim independent consensus; Assumed zero for two_pt: Source table does not publish two-point projections; explicit zero approximation; ADP spread unavailable; engine may use an explicitly assumed price spread; Player expected games not established; provider conventions retained without assuming 17 games,espn:3929630,4.699172503986438,3,2,limited,,season_total,
Derrick Henry,RB,BAL,16.48,,272.4,,Source update time unknown; fetch time is not content freshness; Assumed zero for two_pt: ESPN adapter does not currently map two-point projections; Source independence is unverified; do not claim independent consensus; Assumed zero for two_pt: Source table does not publish two-point projections; explicit zero approximation; ADP spread unavailable; engine may use an explicitly assumed price spread; Player expected games not established; provider conventions retained without assuming 17 games,espn:3043078,7.637771635467729,3,2,limited,,season_total,
Chase Brown,RB,CIN,17.49,,252.7,,Source update time unknown; fetch time is not content freshness; Assumed zero for two_pt: ESPN adapter does not currently map two-point projections; Source independence is unverified; do not claim independent consensus; Assumed zero for two_pt: Source table does not publish two-point projections; explicit zero approximation; ADP spread unavailable; engine may use an explicitly assumed price spread; Player expected games not established; provider conventions retained without assuming 17 games,espn:4362238,11.610435918699276,3,2,limited,,season_total,
Omarion Hampton,RB,LAC,17.92,,223.9,,Source update time unknown; fetch time is not content freshness; Assumed zero for two_pt: ESPN adapter does not currently map two-point projections; Assumed zero for two_pt: Source table does not publish two-point projections; explicit zero approximation; ADP spread unavailable; engine may use an explicitly assumed price spread; Player expected games not established; provider conventions retained without assuming 17 games,espn:4685382,11.450000000000003,2,2,limited,,season_total,
Josh Allen,QB,BUF,19.02,,358.6,,Source update time unknown; fetch time is not content freshness; Assumed zero for two_pt: ESPN adapter does not currently map two-point projections; Assumed zero for rec: ESPN QB receiving absent; explicit zero approximation; Assumed zero for rec_yd: ESPN QB receiving absent; explicit zero approximation; Assumed zero for rec_td: ESPN QB receiving absent; explicit zero approximation; Source independence is unverified; do not claim independent consensus; Assumed zero for two_pt: Source table does not publish two-point projections; explicit zero approximation; Assumed zero for rec: QB receiving not supplied by this table; explicit zero approximation; Assumed zero for rec_yd: QB receiving not supplied by this table; explicit zero approximation; Assumed zero for rec_td: QB receiving not supplied by this table; explicit zero approximation; ADP spread unavailable; engine may use an explicitly assumed price spread; Player expected games not established; provider conventions retained without assuming 17 games,espn:3918298,4.437967502760184,3,2,limited,,season_total,
Drake London,WR,ATL,20.58,,232.6,,Source update time unknown; fetch time is not content freshness; Source independence is unverified; do not claim independent consensus; Assumed zero for two_pt: Source table does not publish two-point projections; explicit zero approximation; ADP spread unavailable; engine may use an explicitly assumed price spread; Player expected games not established; provider conventions retained without assuming 17 games,espn:4426502,10.149999999999991,2,1,limited,,season_total,
A.J. Brown,WR,NE,21.25,,226.2,,Source update time unknown; fetch time is not content freshness; Source independence is unverified; do not claim independent consensus; Assumed zero for two_pt: Source table does not publish two-point projections; explicit zero approximation; ADP spread unavailable; engine may use an explicitly assumed price spread; Player expected games not established; provider conventions retained without assuming 17 games,espn:4047646,6.299999999999997,2,1,limited,,season_total,
Ashton Jeanty,RB,LV,21.7,,231.8,,Source update time unknown; fetch time is not content freshness; Assumed zero for two_pt: ESPN adapter does not currently map two-point projections; Assumed zero for two_pt: Source table does not publish two-point projections; explicit zero approximation; ADP spread unavailable; engine may use an explicitly assumed price spread; Player expected games not established; provider conventions retained without assuming 17 games,espn:4890973,13.75,2,2,limited,,season_total,
Trey McBride,TE,ARI,23.29,,203.7,,Source update time unknown; fetch time is not content freshness; Assumed zero for two_pt: ESPN adapter does not currently map two-point projections; Assumed zero for rush_yd: ESPN TE rushing absent; explicit zero approximation; Assumed zero for rush_td: ESPN TE rushing absent; explicit zero approximation; Source independence is unverified; do not claim independent consensus; Assumed zero for two_pt: Source table does not publish two-point projections; explicit zero approximation; Assumed zero for rush_yd: TE rushing not supplied by this table; explicit zero approximation; Assumed zero for rush_td: TE rushing not supplied by this table; explicit zero approximation; ADP spread unavailable; engine may use an explicitly assumed price spread; Player expected games not established; provider conventions retained without assuming 17 games,espn:4361307,13.009996156801897,3,2,limited,,season_total,
Brock Bowers,TE,LV,23.95,,191.1,,Source update time unknown; fetch time is not content freshness; Assumed zero for two_pt: ESPN adapter does not currently map two-point projections; Source independence is unverified; do not claim independent consensus; Assumed zero for two_pt: Source table does not publish two-point projections; explicit zero approximation; Assumed zero for rush_yd: TE rushing not supplied by this table; explicit zero approximation; Assumed zero for rush_td: TE rushing not supplied by this table; explicit zero approximation; ADP spread unavailable; engine may use an explicitly assumed price spread; Player expected games not established; provider conventions retained without assuming 17 games,espn:4432665,3.9718453589679847,3,2,limited,,season_total,
Kenneth Walker III,RB,KC,24.55,,236.0,,Source update time unknown; fetch time is not content freshness; Assumed zero for two_pt: ESPN adapter does not currently map two-point projections; Source independence is unverified; do not claim independent consensus; Assumed zero for two_pt: Source table does not publish two-point projections; explicit zero approximation; ADP spread unavailable; engine may use an explicitly assumed price spread; Player expected games not established; provider conventions retained without assuming 17 games,espn:4567048,9.084908120369494,3,2,limited,,season_total,
Jeremiyah Love,RB,ARI,25.59,,222.7,,Source update time unknown; fetch time is not content freshness; Assumed zero for two_pt: ESPN adapter does not currently map two-point projections; Assumed zero for two_pt: Source table does not publish two-point projections; explicit zero approximation; ADP spread unavailable; engine may use an explicitly assumed price spread; Player expected games not established; provider conventions retained without assuming 17 games,espn:4870808,20.39999999999999,2,2,limited,,season_total,
Nico Collins,WR,HOU,25.82,,214.4,,Source update time unknown; fetch time is not content freshness; Assumed zero for two_pt: ESPN adapter does not currently map two-point projections; Assumed zero for two_pt: Source table does not publish two-point projections; explicit zero approximation; ADP spread unavailable; engine may use an explicitly assumed price spread; Player expected games not established; provider conventions retained without assuming 17 games,espn:4258173,10.549999999999997,2,2,limited,,season_total,
George Pickens,WR,DAL,28.21,,244.8,,Source update time unknown; fetch time is not content freshness; Assumed zero for two_pt: Source table does not publish two-point projections; explicit zero approximation; ADP spread unavailable; engine may use an explicitly assumed price spread; Player expected games not established; provider conventions retained without assuming 17 games,espn:4426354,,1,1,limited,,season_total,
Rashee Rice,WR,KC,29.32,,228.7,,Source update time unknown; fetch time is not content freshness; Assumed zero for two_pt: ESPN adapter does not currently map two-point projections; Source independence is unverified; do not claim independent consensus; Assumed zero for two_pt: Source table does not publish two-point projections; explicit zero approximation; ADP spread unavailable; engine may use an explicitly assumed price spread; Player expected games not established; provider conventions retained without assuming 17 games,espn:4428331,16.05705106452891,3,2,limited,,season_total,
Chris Olave,WR,NO,29.57,,227.0,,Source update time unknown; fetch time is not content freshness; Source independence is unverified; do not claim independent consensus; Assumed zero for two_pt: Source table does not publish two-point projections; explicit zero approximation; ADP spread unavailable; engine may use an explicitly assumed price spread; Player expected games not established; provider conventions retained without assuming 17 games,espn:4361370,14.400000000000006,2,1,limited,,season_total,
Javonte Williams,RB,DAL,32.45,,229.0,,Source update time unknown; fetch time is not content freshness; Assumed zero for two_pt: ESPN adapter does not currently map two-point projections; Assumed zero for two_pt: Source table does not publish two-point projections; explicit zero approximation; ADP spread unavailable; engine may use an explicitly assumed price spread; Player expected games not established; provider conventions retained without assuming 17 games,espn:4361579,11.0,2,2,limited,,season_total,
Lamar Jackson,QB,BAL,33.73,,318.0,,Source update time unknown; fetch time is not content freshness; Assumed zero for two_pt: ESPN adapter does not currently map two-point projections; Assumed zero for rec: ESPN QB receiving absent; explicit zero approximation; Assumed zero for rec_yd: ESPN QB receiving absent; explicit zero approximation; Assumed zero for rec_td: ESPN QB receiving absent; explicit zero approximation; Source independence is unverified; do not claim independent consensus; Assumed zero for two_pt: Source table does not publish two-point projections; explicit zero approximation; Assumed zero for rec: QB receiving not supplied by this table; explicit zero approximation; Assumed zero for rec_yd: QB receiving not supplied by this table; explicit zero approximation; Assumed zero for rec_td: QB receiving not supplied by this table; explicit zero approximation; ADP spread unavailable; engine may use an explicitly assumed price spread; Player expected games not established; provider conventions retained without assuming 17 games,espn:3916387,2.2543784558547797,3,2,limited,,season_total,
Kyren Williams,RB,LAR,34.63,,214.1,,Source update time unknown; fetch time is not content freshness; Assumed zero for two_pt: ESPN adapter does not currently map two-point projections; Assumed zero for two_pt: Source table does not publish two-point projections; explicit zero approximation; ADP spread unavailable; engine may use an explicitly assumed price spread; Player expected games not established; provider conventions retained without assuming 17 games,espn:4430737,0.7000000000000028,2,2,limited,,season_total,
Malik Nabers,WR,NYG,35.45,,205.0,,Source update time unknown; fetch time is not content freshness; Assumed zero for two_pt: ESPN adapter does not currently map two-point projections; Assumed zero for two_pt: Source table does not publish two-point projections; explicit zero approximation; ADP spread unavailable; engine may use an explicitly assumed price spread; Player expected games not established; provider conventions retained without assuming 17 games,espn:4595348,4.599999999999994,2,2,limited,,season_total,
Breece Hall,RB,NYJ,35.87,,224.2,,Source update time unknown; fetch time is not content freshness; Assumed zero for two_pt: ESPN adapter does not currently map two-point projections; Assumed zero for two_pt: Source table does not publish two-point projections; explicit zero approximation; ADP spread unavailable; engine may use an explicitly assumed price spread; Player expected games not established; provider conventions retained without assuming 17 games,espn:4427366,21.75,2,2,limited,,season_total,
DeVonta Smith,WR,PHI,36.32,,196.8,,Source update time unknown; fetch time is not content freshness; Assumed zero for two_pt: Source table does not publish two-point projections; explicit zero approximation; ADP spread unavailable; engine may use an explicitly assumed price spread; Player expected games not established; provider conventions retained without assuming 17 games,espn:4241478,,1,1,limited,,season_total,
Garrett Wilson,WR,NYJ,37.11,,195.6,,Source update time unknown; fetch time is not content freshness; Assumed zero for two_pt: ESPN adapter does not currently map two-point projections; Assumed zero for two_pt: Source table does not publish two-point projections; explicit zero approximation; ADP spread unavailable; engine may use an explicitly assumed price spread; Player expected games not established; provider conventions retained without assuming 17 games,espn:4569618,3.25,2,2,limited,,season_total,
Travis Etienne Jr.,RB,NO,39.73,,223.2,,Source update time unknown; fetch time is not content freshness; Assumed zero for two_pt: ESPN adapter does not currently map two-point projections; ADP spread unavailable; engine may use an explicitly assumed price spread; Player expected games not established; provider conventions retained without assuming 17 games,espn:4239996,,1,1,limited,,season_total,
Colston Loveland,TE,CHI,42.3,,176.8,,Source update time unknown; fetch time is not content freshness; Assumed zero for two_pt: ESPN adapter does not currently map two-point projections; Assumed zero for rush_yd: ESPN TE rushing absent; explicit zero approximation; Assumed zero for rush_td: ESPN TE rushing absent; explicit zero approximation; Source independence is unverified; do not claim independent consensus; Assumed zero for two_pt: Source table does not publish two-point projections; explicit zero approximation; Assumed zero for rush_yd: TE rushing not supplied by this table; explicit zero approximation; Assumed zero for rush_td: TE rushing not supplied by this table; explicit zero approximation; ADP spread unavailable; engine may use an explicitly assumed price spread; Player expected games not established; provider conventions retained without assuming 17 games,espn:4723086,12.098025550569078,3,2,limited,,season_total,
Tetairoa McMillan,WR,CAR,42.62,,204.2,,Source update time unknown; fetch time is not content freshness; Assumed zero for two_pt: Source table does not publish two-point projections; explicit zero approximation; ADP spread unavailable; engine may use an explicitly assumed price spread; Player expected games not established; provider conventions retained without assuming 17 games,espn:4685472,,1,1,limited,,season_total,
Zay Flowers,WR,BAL,43.91,,206.5,,Source update time unknown; fetch time is not content freshness; Assumed zero for two_pt: ESPN adapter does not currently map two-point projections; Assumed zero for two_pt: Source table does not publish two-point projections; explicit zero approximation; ADP spread unavailable; engine may use an explicitly assumed price spread; Player expected games not established; provider conventions retained without assuming 17 games,espn:4429615,9.300000000000011,2,2,limited,,season_total,
Emeka Egbuka,WR,TB,45.03,,194.8,,Source update time unknown; fetch time is not content freshness; Assumed zero for two_pt: ESPN adapter does not currently map two-point projections; Assumed zero for two_pt: Source table does not publish two-point projections; explicit zero approximation; ADP spread unavailable; engine may use an explicitly assumed price spread; Player expected games not established; provider conventions retained without assuming 17 games,espn:4567750,2.0,2,2,limited,,season_total,
Cam Skattebo,RB,NYG,45.03,,212.8,,Source update time unknown; fetch time is not content freshness; Assumed zero for two_pt: ESPN adapter does not currently map two-point projections; Assumed zero for two_pt: Source table does not publish two-point projections; explicit zero approximation; ADP spread unavailable; engine may use an explicitly assumed price spread; Player expected games not established; provider conventions retained without assuming 17 games,espn:4696981,8.5,2,2,limited,,season_total,
Davante Adams,WR,LAR,45.94,,179.4,,Source update time unknown; fetch time is not content freshness; Assumed zero for two_pt: Source table does not publish two-point projections; explicit zero approximation; ADP spread unavailable; engine may use an explicitly assumed price spread; Player expected games not established; provider conventions retained without assuming 17 games,espn:16800,,1,1,limited,,season_total,
Ladd McConkey,WR,LAC,45.98,,186.2,,Source update time unknown; fetch time is not content freshness; Assumed zero for two_pt: Source table does not publish two-point projections; explicit zero approximation; ADP spread unavailable; engine may use an explicitly assumed price spread; Player expected games not established; provider conventions retained without assuming 17 games,espn:4612826,,1,1,limited,,season_total,
Drake Maye,QB,NE,46.74,,313.4,,Source update time unknown; fetch time is not content freshness; Assumed zero for two_pt: ESPN adapter does not currently map two-point projections; Assumed zero for rec: ESPN QB receiving absent; explicit zero approximation; Assumed zero for rec_yd: ESPN QB receiving absent; explicit zero approximation; Assumed zero for rec_td: ESPN QB receiving absent; explicit zero approximation; Source independence is unverified; do not claim independent consensus; Assumed zero for two_pt: Source table does not publish two-point projections; explicit zero approximation; Assumed zero for rec: QB receiving not supplied by this table; explicit zero approximation; Assumed zero for rec_yd: QB receiving not supplied by this table; explicit zero approximation; Assumed zero for rec_td: QB receiving not supplied by this table; explicit zero approximation; ADP spread unavailable; engine may use an explicitly assumed price spread; Player expected games not established; provider conventions retained without assuming 17 games,espn:4431452,3.8663792996664093,3,2,limited,,season_total,
Quinshon Judkins,RB,CLE,47.91,,203.9,,Source update time unknown; fetch time is not content freshness; Assumed zero for two_pt: ESPN adapter does not currently map two-point projections; Assumed zero for two_pt: Source table does not publish two-point projections; explicit zero approximation; ADP spread unavailable; engine may use an explicitly assumed price spread; Player expected games not established; provider conventions retained without assuming 17 games,espn:4685702,5.799999999999997,2,2,limited,,season_total,
Tyler Warren,TE,IND,51.72,,161.7,,Source update time unknown; fetch time is not content freshness; Assumed zero for two_pt: ESPN adapter does not currently map two-point projections; Source independence is unverified; do not claim independent consensus; Assumed zero for two_pt: Source table does not publish two-point projections; explicit zero approximation; Assumed zero for rush_yd: TE rushing not supplied by this table; explicit zero approximation; Assumed zero for rush_td: TE rushing not supplied by this table; explicit zero approximation; ADP spread unavailable; engine may use an explicitly assumed price spread; Player expected games not established; provider conventions retained without assuming 17 games,espn:4431459,5.526501806950063,3,2,limited,,season_total,
Tee Higgins,WR,CIN,52.03,,206.5,,Source update time unknown; fetch time is not content freshness; Assumed zero for two_pt: Source table does not publish two-point projections; explicit zero approximation; ADP spread unavailable; engine may use an explicitly assumed price spread; Player expected games not established; provider conventions retained without assuming 17 games,espn:4239993,,1,1,limited,,season_total,
D'Andre Swift,RB,CHI,52.35,,207.3,,Source update time unknown; fetch time is not content freshness; Assumed zero for two_pt: ESPN adapter does not currently map two-point projections; Assumed zero for two_pt: Source table does not publish two-point projections; explicit zero approximation; ADP spread unavailable; engine may use an explicitly assumed price spread; Player expected games not established; provider conventions retained without assuming 17 games,espn:4259545,13.299999999999997,2,2,limited,,season_total,
Jaylen Waddle,WR,DEN,52.69,,174.8,,Source update time unknown; fetch time is not content freshness; Assumed zero for two_pt: ESPN adapter does not currently map two-point projections; Assumed zero for two_pt: Source table does not publish two-point projections; explicit zero approximation; ADP spread unavailable; engine may use an explicitly assumed price spread; Player expected games not established; provider conventions retained without assuming 17 games,espn:4372016,0.7999999999999972,2,2,limited,,season_total,
Jayden Daniels,QB,WAS,52.71,,310.7,,Source update time unknown; fetch time is not content freshness; Assumed zero for two_pt: ESPN adapter does not currently map two-point projections; Assumed zero for rec: ESPN QB receiving absent; explicit zero approximation; Assumed zero for rec_yd: ESPN QB receiving absent; explicit zero approximation; Assumed zero for rec_td: ESPN QB receiving absent; explicit zero approximation; Source independence is unverified; do not claim independent consensus; Assumed zero for two_pt: Source table does not publish two-point projections; explicit zero approximation; Assumed zero for rec: QB receiving not supplied by this table; explicit zero approximation; Assumed zero for rec_yd: QB receiving not supplied by this table; explicit zero approximation; Assumed zero for rec_td: QB receiving not supplied by this table; explicit zero approximation; ADP spread unavailable; engine may use an explicitly assumed price spread; Player expected games not established; provider conventions retained without assuming 17 games,espn:4426348,6.524483802484972,3,2,limited,,season_total,
Joe Burrow,QB,CIN,53.07,,300.8,,Source update time unknown; fetch time is not content freshness; Assumed zero for two_pt: ESPN adapter does not currently map two-point projections; Assumed zero for rec: ESPN QB receiving absent; explicit zero approximation; Assumed zero for rec_yd: ESPN QB receiving absent; explicit zero approximation; Assumed zero for rec_td: ESPN QB receiving absent; explicit zero approximation; Source independence is unverified; do not claim independent consensus; Assumed zero for two_pt: Source table does not publish two-point projections; explicit zero approximation; Assumed zero for rec: QB receiving not supplied by this table; explicit zero approximation; Assumed zero for rec_yd: QB receiving not supplied by this table; explicit zero approximation; Assumed zero for rec_td: QB receiving not supplied by this table; explicit zero approximation; ADP spread unavailable; engine may use an explicitly assumed price spread; Player expected games not established; provider conventions retained without assuming 17 games,espn:3915511,1.306394529484357,3,2,limited,,season_total,
Jalen Hurts,QB,PHI,54.29,,315.4,,Source update time unknown; fetch time is not content freshness; Assumed zero for two_pt: ESPN adapter does not currently map two-point projections; Assumed zero for rec: ESPN QB receiving absent; explicit zero approximation; Assumed zero for rec_yd: ESPN QB receiving absent; explicit zero approximation; Assumed zero for rec_td: ESPN QB receiving absent; explicit zero approximation; Source independence is unverified; do not claim independent consensus; Assumed zero for two_pt: Source table does not publish two-point projections; explicit zero approximation; Assumed zero for rec: QB receiving not supplied by this table; explicit zero approximation; Assumed zero for rec_yd: QB receiving not supplied by this table; explicit zero approximation; Assumed zero for rec_td: QB receiving not supplied by this table; explicit zero approximation; ADP spread unavailable; engine may use an explicitly assumed price spread; Player expected games not established; provider conventions retained without assuming 17 games,espn:4040715,1.4445299120013626,3,2,limited,,season_total,
Bucky Irving,RB,TB,56.37,,202.1,,Source update time unknown; fetch time is not content freshness; Assumed zero for two_pt: ESPN adapter does not currently map two-point projections; Assumed zero for two_pt: Source table does not publish two-point projections; explicit zero approximation; ADP spread unavailable; engine may use an explicitly assumed price spread; Player expected games not established; provider conventions retained without assuming 17 games,espn:4596448,14.700000000000003,2,2,limited,,season_total,
DJ Moore,WR,BUF,58.97,,175.4,,Source update time unknown; fetch time is not content freshness; Assumed zero for two_pt: ESPN adapter does not currently map two-point projections; Assumed zero for two_pt: Source table does not publish two-point projections; explicit zero approximation; ADP spread unavailable; engine may use an explicitly assumed price spread; Player expected games not established; provider conventions retained without assuming 17 games,espn:3915416,0.45000000000000284,2,2,limited,,season_total,
Terry McLaurin,WR,WAS,60.78,,184.6,,Source update time unknown; fetch time is not content freshness; Assumed zero for two_pt: Source table does not publish two-point projections; explicit zero approximation; ADP spread unavailable; engine may use an explicitly assumed price spread; Player expected games not established; provider conventions retained without assuming 17 games,espn:3121422,,1,1,limited,,season_total,
David Montgomery,RB,HOU,61.5,,184.4,,Source update time unknown; fetch time is not content freshness; Assumed zero for two_pt: ESPN adapter does not currently map two-point projections; Assumed zero for two_pt: Source table does not publish two-point projections; explicit zero approximation; ADP spread unavailable; engine may use an explicitly assumed price spread; Player expected games not established; provider conventions retained without assuming 17 games,espn:4035538,1.75,2,2,limited,,season_total,
Bhayshul Tuten,RB,JAX,61.53,,190.9,,Source update time unknown; fetch time is not content freshness; Assumed zero for two_pt: ESPN adapter does not currently map two-point projections; Assumed zero for two_pt: Source table does not publish two-point projections; explicit zero approximation; ADP spread unavailable; engine may use an explicitly assumed price spread; Player expected games not established; provider conventions retained without assuming 17 games,espn:4882093,3.0,2,2,limited,,season_total,
Jameson Williams,WR,DET,64.13,,183.9,,Source update time unknown; fetch time is not content freshness; Assumed zero for two_pt: ESPN adapter does not currently map two-point projections; Assumed zero for two_pt: Source table does not publish two-point projections; explicit zero approximation; ADP spread unavailable; engine may use an explicitly assumed price spread; Player expected games not established; provider conventions retained without assuming 17 games,espn:4426388,7.8500000000000085,2,2,limited,,season_total,
Jadarian Price,RB,SEA,66.33,,178.7,,Source update time unknown; fetch time is not content freshness; Assumed zero for two_pt: ESPN adapter does not currently map two-point projections; Assumed zero for two_pt: Source table does not publish two-point projections; explicit zero approximation; ADP spread unavailable; engine may use an explicitly assumed price spread; Player expected games not established; provider conventions retained without assuming 17 games,espn:4685512,1.2000000000000028,2,2,limited,,season_total,
Rome Odunze,WR,CHI,66.49,,171.0,,Source update time unknown; fetch time is not content freshness; Assumed zero for two_pt: Source table does not publish two-point projections; explicit zero approximation; ADP spread unavailable; engine may use an explicitly assumed price spread; Player expected games not established; provider conventions retained without assuming 17 games,espn:4431299,,1,1,limited,,season_total,
Kyle Pitts Sr.,TE,ATL,68.61,,144.5,,Source update time unknown; fetch time is not content freshness; Assumed zero for two_pt: ESPN adapter does not currently map two-point projections; Assumed zero for rush_yd: ESPN TE rushing absent; explicit zero approximation; Assumed zero for rush_td: ESPN TE rushing absent; explicit zero approximation; ADP spread unavailable; engine may use an explicitly assumed price spread; Player expected games not established; provider conventions retained without assuming 17 games,espn:4360248,,1,1,limited,,season_total,
Harold Fannin Jr.,TE,CLE,70.56,,159.3,,Source update time unknown; fetch time is not content freshness; Assumed zero for two_pt: ESPN adapter does not currently map two-point projections; Source independence is unverified; do not claim independent consensus; Assumed zero for two_pt: Source table does not publish two-point projections; explicit zero approximation; Assumed zero for rush_yd: TE rushing not supplied by this table; explicit zero approximation; Assumed zero for rush_td: TE rushing not supplied by this table; explicit zero approximation; ADP spread unavailable; engine may use an explicitly assumed price spread; Player expected games not established; provider conventions retained without assuming 17 games,espn:5083076,16.896021885507704,3,2,limited,,season_total,
George Kittle,TE,SF,70.71,,161.1,,Source update time unknown; fetch time is not content freshness; Assumed zero for two_pt: ESPN adapter does not currently map two-point projections; Assumed zero for rush_yd: ESPN TE rushing absent; explicit zero approximation; Assumed zero for rush_td: ESPN TE rushing absent; explicit zero approximation; Source independence is unverified; do not claim independent consensus; Assumed zero for two_pt: Source table does not publish two-point projections; explicit zero approximation; Assumed zero for rush_yd: TE rushing not supplied by this table; explicit zero approximation; Assumed zero for rush_td: TE rushing not supplied by this table; explicit zero approximation; ADP spread unavailable; engine may use an explicitly assumed price spread; Player expected games not established; provider conventions retained without assuming 17 games,espn:3040151,11.35204337944887,3,2,limited,,season_total,
Dak Prescott,QB,DAL,71.6,,299.4,,Source update time unknown; fetch time is not content freshness; Assumed zero for two_pt: ESPN adapter does not currently map two-point projections; Assumed zero for rec: ESPN QB receiving absent; explicit zero approximation; Assumed zero for rec_yd: ESPN QB receiving absent; explicit zero approximation; Assumed zero for rec_td: ESPN QB receiving absent; explicit zero approximation; Source independence is unverified; do not claim independent consensus; Assumed zero for two_pt: Source table does not publish two-point projections; explicit zero approximation; Assumed zero for rec: QB receiving not supplied by this table; explicit zero approximation; Assumed zero for rec_yd: QB receiving not supplied by this table; explicit zero approximation; Assumed zero for rec_td: QB receiving not supplied by this table; explicit zero approximation; ADP spread unavailable; engine may use an explicitly assumed price spread; Player expected games not established; provider conventions retained without assuming 17 games,espn:2577417,11.473738129601289,3,2,limited,,season_total,
Sam LaPorta,TE,DET,74.5,,155.9,,Source update time unknown; fetch time is not content freshness; Assumed zero for two_pt: ESPN adapter does not currently map two-point projections; Assumed zero for rush_yd: ESPN TE rushing absent; explicit zero approximation; Assumed zero for rush_td: ESPN TE rushing absent; explicit zero approximation; Source independence is unverified; do not claim independent consensus; Assumed zero for two_pt: Source table does not publish two-point projections; explicit zero approximation; Assumed zero for rush_yd: TE rushing not supplied by this table; explicit zero approximation; Assumed zero for rush_td: TE rushing not supplied by this table; explicit zero approximation; ADP spread unavailable; engine may use an explicitly assumed price spread; Player expected games not established; provider conventions retained without assuming 17 games,espn:4430027,5.568363014986239,3,2,limited,,season_total,
Luther Burden III,WR,CHI,74.77,,174.5,,Source update time unknown; fetch time is not content freshness; Assumed zero for two_pt: ESPN adapter does not currently map two-point projections; Assumed zero for two_pt: Source table does not publish two-point projections; explicit zero approximation; ADP spread unavailable; engine may use an explicitly assumed price spread; Player expected games not established; provider conventions retained without assuming 17 games,espn:4685278,6.300000000000011,2,2,limited,,season_total,
TreVeyon Henderson,RB,NE,77.32,,175.1,,Source update time unknown; fetch time is not content freshness; Assumed zero for two_pt: ESPN adapter does not currently map two-point projections; Assumed zero for two_pt: Source table does not publish two-point projections; explicit zero approximation; ADP spread unavailable; engine may use an explicitly assumed price spread; Player expected games not established; provider conventions retained without assuming 17 games,espn:4432710,2.75,2,2,limited,,season_total,
Rhamondre Stevenson,RB,NE,77.45,,171.5,,Source update time unknown; fetch time is not content freshness; Assumed zero for two_pt: ESPN adapter does not currently map two-point projections; Assumed zero for two_pt: Source table does not publish two-point projections; explicit zero approximation; ADP spread unavailable; engine may use an explicitly assumed price spread; Player expected games not established; provider conventions retained without assuming 17 games,espn:4569173,9.900000000000006,2,2,limited,,season_total,
Marvin Harrison Jr.,WR,ARI,79.01,,170.2,,Source update time unknown; fetch time is not content freshness; Assumed zero for two_pt: Source table does not publish two-point projections; explicit zero approximation; ADP spread unavailable; engine may use an explicitly assumed price spread; Player expected games not established; provider conventions retained without assuming 17 games,espn:4432708,,1,1,limited,,season_total,
Carnell Tate,WR,TEN,79.55,,125.9,,Source update time unknown; fetch time is not content freshness; Assumed zero for two_pt: Source table does not publish two-point projections; explicit zero approximation; ADP spread unavailable; engine may use an explicitly assumed price spread; Player expected games not established; provider conventions retained without assuming 17 games,espn:4871023,,1,1,limited,,season_total,
Courtland Sutton,WR,DEN,81.57,,168.1,,Source update time unknown; fetch time is not content freshness; Assumed zero for two_pt: Source table does not publish two-point projections; explicit zero approximation; ADP spread unavailable; engine may use an explicitly assumed price spread; Player expected games not established; provider conventions retained without assuming 17 games,espn:3128429,,1,1,limited,,season_total,
Brandon Aubrey,K,DAL,82.28,,158.8,,Source update time unknown; fetch time is not content freshness; K/DEF scoring uses aggregate approximations; verify league distance/bucket rules; ADP spread unavailable; engine may use an explicitly assumed price spread; Player expected games not established; provider conventions retained without assuming 17 games,espn:3953687,,1,1,limited,,season_total,
Jaxson Dart,QB,NYG,82.5,,302.1,,Source update time unknown; fetch time is not content freshness; Assumed zero for two_pt: ESPN adapter does not currently map two-point projections; Assumed zero for rec: ESPN QB receiving absent; explicit zero approximation; Assumed zero for rec_yd: ESPN QB receiving absent; explicit zero approximation; Assumed zero for rec_td: ESPN QB receiving absent; explicit zero approximation; Assumed zero for two_pt: Source table does not publish two-point projections; explicit zero approximation; Assumed zero for rec: QB receiving not supplied by this table; explicit zero approximation; Assumed zero for rec_yd: QB receiving not supplied by this table; explicit zero approximation; Assumed zero for rec_td: QB receiving not supplied by this table; explicit zero approximation; ADP spread unavailable; engine may use an explicitly assumed price spread; Player expected games not established; provider conventions retained without assuming 17 games,espn:4689114,5.449999999999989,2,2,limited,,season_total,
Mike Evans,WR,SF,83.69,,166.5,,Source update time unknown; fetch time is not content freshness; Assumed zero for two_pt: Source table does not publish two-point projections; explicit zero approximation; ADP spread unavailable; engine may use an explicitly assumed price spread; Player expected games not established; provider conventions retained without assuming 17 games,espn:16737,,1,1,limited,,season_total,
Justin Herbert,QB,LAC,85.37,,289.2,,Source update time unknown; fetch time is not content freshness; Assumed zero for two_pt: ESPN adapter does not currently map two-point projections; Assumed zero for rec: ESPN QB receiving absent; explicit zero approximation; Assumed zero for rec_yd: ESPN QB receiving absent; explicit zero approximation; Assumed zero for rec_td: ESPN QB receiving absent; explicit zero approximation; Assumed zero for two_pt: Source table does not publish two-point projections; explicit zero approximation; Assumed zero for rec: QB receiving not supplied by this table; explicit zero approximation; Assumed zero for rec_yd: QB receiving not supplied by this table; explicit zero approximation; Assumed zero for rec_td: QB receiving not supplied by this table; explicit zero approximation; ADP spread unavailable; engine may use an explicitly assumed price spread; Player expected games not established; provider conventions retained without assuming 17 games,espn:4038941,7.199999999999989,2,2,limited,,season_total,
DK Metcalf,WR,PIT,85.58,,162.6,,Source update time unknown; fetch time is not content freshness; Assumed zero for two_pt: Source table does not publish two-point projections; explicit zero approximation; ADP spread unavailable; engine may use an explicitly assumed price spread; Player expected games not established; provider conventions retained without assuming 17 games,espn:4047650,,1,1,limited,,season_total,
Jaylen Warren,RB,PIT,85.81,,172.8,,Source update time unknown; fetch time is not content freshness; Assumed zero for two_pt: ESPN adapter does not currently map two-point projections; Assumed zero for two_pt: Source table does not publish two-point projections; explicit zero approximation; ADP spread unavailable; engine may use an explicitly assumed price spread; Player expected games not established; provider conventions retained without assuming 17 games,espn:4569987,2.3999999999999915,2,2,limited,,season_total,
Tony Pollard,RB,TEN,86.56,,168.9,,Source update time unknown; fetch time is not content freshness; Assumed zero for two_pt: ESPN adapter does not currently map two-point projections; Assumed zero for two_pt: Source table does not publish two-point projections; explicit zero approximation; ADP spread unavailable; engine may use an explicitly assumed price spread; Player expected games not established; provider conventions retained without assuming 17 games,espn:3916148,1.5499999999999972,2,2,limited,,season_total,
Caleb Williams,QB,CHI,86.73,,291.3,,Source update time unknown; fetch time is not content freshness; Assumed zero for two_pt: ESPN adapter does not currently map two-point projections; Assumed zero for rec: ESPN QB receiving absent; explicit zero approximation; Assumed zero for rec_yd: ESPN QB receiving absent; explicit zero approximation; Assumed zero for rec_td: ESPN QB receiving absent; explicit zero approximation; Assumed zero for two_pt: Source table does not publish two-point projections; explicit zero approximation; Assumed zero for rec: QB receiving not supplied by this table; explicit zero approximation; Assumed zero for rec_yd: QB receiving not supplied by this table; explicit zero approximation; Assumed zero for rec_td: QB receiving not supplied by this table; explicit zero approximation; ADP spread unavailable; engine may use an explicitly assumed price spread; Player expected games not established; provider conventions retained without assuming 17 games,espn:4431611,13.199999999999989,2,2,limited,,season_total,
Christian Watson,WR,GB,88.63,,166.2,,Source update time unknown; fetch time is not content freshness; Assumed zero for two_pt: ESPN adapter does not currently map two-point projections; Assumed zero for two_pt: Source table does not publish two-point projections; explicit zero approximation; ADP spread unavailable; engine may use an explicitly assumed price spread; Player expected games not established; provider conventions retained without assuming 17 games,espn:4248528,5.949999999999989,2,2,limited,,season_total,
Parker Washington,WR,JAX,90.05,,158.8,,Source update time unknown; fetch time is not content freshness; Assumed zero for two_pt: ESPN adapter does not currently map two-point projections; Assumed zero for two_pt: Source table does not publish two-point projections; explicit zero approximation; ADP spread unavailable; engine may use an explicitly assumed price spread; Player expected games not established; provider conventions retained without assuming 17 games,espn:4432620,6.849999999999994,2,2,limited,,season_total,
Tucker Kraft,TE,GB,91.07,,149.2,,Source update time unknown; fetch time is not content freshness; Assumed zero for two_pt: ESPN adapter does not currently map two-point projections; Source independence is unverified; do not claim independent consensus; Assumed zero for two_pt: Source table does not publish two-point projections; explicit zero approximation; Assumed zero for rush_yd: TE rushing not supplied by this table; explicit zero approximation; Assumed zero for rush_td: TE rushing not supplied by this table; explicit zero approximation; ADP spread unavailable; engine may use an explicitly assumed price spread; Player expected games not established; provider conventions retained without assuming 17 games,espn:4572680,11.91329789213157,3,2,limited,,season_total,
Texans D/ST,DEF,HOU,92.63,,119.5,,Source update time unknown; fetch time is not content freshness; K/DEF scoring uses aggregate approximations; verify league distance/bucket rules; ADP spread unavailable; engine may use an explicitly assumed price spread; Player expected games not established; provider conventions retained without assuming 17 games,espn:-16034,,1,1,limited,,season_total,
Josh Jacobs,RB,GB,92.67,,135.1,,Source update time unknown; fetch time is not content freshness; Assumed zero for two_pt: ESPN adapter does not currently map two-point projections; Assumed zero for two_pt: Source table does not publish two-point projections; explicit zero approximation; ADP spread unavailable; engine may use an explicitly assumed price spread; Player expected games not established; provider conventions retained without assuming 17 games,espn:4047365,16.9,2,2,limited,,season_total,
Matthew Stafford,QB,LAR,92.86,,285.6,,Source update time unknown; fetch time is not content freshness; Assumed zero for two_pt: ESPN adapter does not currently map two-point projections; Assumed zero for rec: ESPN QB receiving absent; explicit zero approximation; Assumed zero for rec_yd: ESPN QB receiving absent; explicit zero approximation; Assumed zero for rec_td: ESPN QB receiving absent; explicit zero approximation; Assumed zero for two_pt: Source table does not publish two-point projections; explicit zero approximation; Assumed zero for rec: QB receiving not supplied by this table; explicit zero approximation; Assumed zero for rec_yd: QB receiving not supplied by this table; explicit zero approximation; Assumed zero for rec_td: QB receiving not supplied by this table; explicit zero approximation; ADP spread unavailable; engine may use an explicitly assumed price spread; Player expected games not established; provider conventions retained without assuming 17 games,espn:12483,6.099999999999994,2,2,limited,,season_total,
Travis Kelce,TE,KC,93.93,,148.1,,Source update time unknown; fetch time is not content freshness; Assumed zero for two_pt: ESPN adapter does not currently map two-point projections; Assumed zero for rush_yd: ESPN TE rushing absent; explicit zero approximation; Assumed zero for rush_td: ESPN TE rushing absent; explicit zero approximation; Source independence is unverified; do not claim independent consensus; Assumed zero for two_pt: Source table does not publish two-point projections; explicit zero approximation; Assumed zero for rush_yd: TE rushing not supplied by this table; explicit zero approximation; Assumed zero for rush_td: TE rushing not supplied by this table; explicit zero approximation; ADP spread unavailable; engine may use an explicitly assumed price spread; Player expected games not established; provider conventions retained without assuming 17 games,espn:15847,6.695437916140282,3,2,limited,,season_total,
Rico Dowdle,RB,PIT,96.18,,172.9,,Source update time unknown; fetch time is not content freshness; Assumed zero for two_pt: ESPN adapter does not currently map two-point projections; Assumed zero for two_pt: Source table does not publish two-point projections; explicit zero approximation; ADP spread unavailable; engine may use an explicitly assumed price spread; Player expected games not established; provider conventions retained without assuming 17 games,espn:4038815,0.29999999999999716,2,2,limited,,season_total,
Rams D/ST,DEF,LAR,98.53,,116.2,,Source update time unknown; fetch time is not content freshness; K/DEF scoring uses aggregate approximations; verify league distance/bucket rules; ADP spread unavailable; engine may use an explicitly assumed price spread; Player expected games not established; provider conventions retained without assuming 17 games,espn:-16014,,1,1,limited,,season_total,
Broncos D/ST,DEF,DEN,98.7,,116.0,,Source update time unknown; fetch time is not content freshness; K/DEF scoring uses aggregate approximations; verify league distance/bucket rules; ADP spread unavailable; engine may use an explicitly assumed price spread; Player expected games not established; provider conventions retained without assuming 17 games,espn:-16007,,1,1,limited,,season_total,
Kenny Gainwell,RB,TB,100.04,,150.6,,Source update time unknown; fetch time is not content freshness; Assumed zero for two_pt: ESPN adapter does not currently map two-point projections; ADP spread unavailable; engine may use an explicitly assumed price spread; Player expected games not established; provider conventions retained without assuming 17 games,espn:4371733,,1,1,limited,,season_total,
Dallas Goedert,TE,PHI,101.98,,154.4,,Source update time unknown; fetch time is not content freshness; Assumed zero for two_pt: ESPN adapter does not currently map two-point projections; Assumed zero for rush_yd: ESPN TE rushing absent; explicit zero approximation; Assumed zero for rush_td: ESPN TE rushing absent; explicit zero approximation; Source independence is unverified; do not claim independent consensus; Assumed zero for two_pt: Source table does not publish two-point projections; explicit zero approximation; Assumed zero for rush_yd: TE rushing not supplied by this table; explicit zero approximation; Assumed zero for rush_td: TE rushing not supplied by this table; explicit zero approximation; ADP spread unavailable; engine may use an explicitly assumed price spread; Player expected games not established; provider conventions retained without assuming 17 games,espn:3121023,12.987258713404032,3,2,limited,,season_total,
Trevor Lawrence,QB,JAX,102.56,,298.9,,Source update time unknown; fetch time is not content freshness; Assumed zero for two_pt: ESPN adapter does not currently map two-point projections; Assumed zero for rec: ESPN QB receiving absent; explicit zero approximation; Assumed zero for rec_yd: ESPN QB receiving absent; explicit zero approximation; Assumed zero for rec_td: ESPN QB receiving absent; explicit zero approximation; Source independence is unverified; do not claim independent consensus; Assumed zero for two_pt: Source table does not publish two-point projections; explicit zero approximation; Assumed zero for rec: QB receiving not supplied by this table; explicit zero approximation; Assumed zero for rec_yd: QB receiving not supplied by this table; explicit zero approximation; Assumed zero for rec_td: QB receiving not supplied by this table; explicit zero approximation; ADP spread unavailable; engine may use an explicitly assumed price spread; Player expected games not established; provider conventions retained without assuming 17 games,espn:4360310,9.716766723327037,3,2,limited,,season_total,
Stefon Diggs,WR,WAS,103.01,,133.0,,Source update time unknown; fetch time is not content freshness; Assumed zero for two_pt: Source table does not publish two-point projections; explicit zero approximation; ADP spread unavailable; engine may use an explicitly assumed price spread; Player expected games not established; provider conventions retained without assuming 17 games,espn:2976212,,1,1,limited,,season_total,
Bo Nix,QB,DEN,103.64,,283.4,,Source update time unknown; fetch time is not content freshness; Assumed zero for two_pt: ESPN adapter does not currently map two-point projections; Assumed zero for rec: ESPN QB receiving absent; explicit zero approximation; Assumed zero for rec_yd: ESPN QB receiving absent; explicit zero approximation; Assumed zero for rec_td: ESPN QB receiving absent; explicit zero approximation; Assumed zero for two_pt: Source table does not publish two-point projections; explicit zero approximation; Assumed zero for rec: QB receiving not supplied by this table; explicit zero approximation; Assumed zero for rec_yd: QB receiving not supplied by this table; explicit zero approximation; Assumed zero for rec_td: QB receiving not supplied by this table; explicit zero approximation; ADP spread unavailable; engine may use an explicitly assumed price spread; Player expected games not established; provider conventions retained without assuming 17 games,espn:4426338,8.5,2,2,limited,,season_total,
Michael Wilson,WR,ARI,104.09,,152.9,,Source update time unknown; fetch time is not content freshness; Assumed zero for two_pt: Source table does not publish two-point projections; explicit zero approximation; ADP spread unavailable; engine may use an explicitly assumed price spread; Player expected games not established; provider conventions retained without assuming 17 games,espn:4360761,,1,1,limited,,season_total,
Jonathon Brooks,RB,CAR,104.71,,162.3,,Source update time unknown; fetch time is not content freshness; Assumed zero for two_pt: ESPN adapter does not currently map two-point projections; Assumed zero for two_pt: Source table does not publish two-point projections; explicit zero approximation; ADP spread unavailable; engine may use an explicitly assumed price spread; Player expected games not established; provider conventions retained without assuming 17 games,espn:4678008,1.6000000000000085,2,2,limited,,season_total,
MarShawn Lloyd,RB,GB,105.16,,146.8,,Source update time unknown; fetch time is not content freshness; Assumed zero for two_pt: ESPN adapter does not currently map two-point projections; Assumed zero for two_pt: Source table does not publish two-point projections; explicit zero approximation; ADP spread unavailable; engine may use an explicitly assumed price spread; Player expected games not established; provider conventions retained without assuming 17 games,espn:4429023,22.849999999999994,2,2,limited,,season_total,
Alec Pierce,WR,IND,106.34,,185.2,,Source update time unknown; fetch time is not content freshness; Assumed zero for two_pt: Source table does not publish two-point projections; explicit zero approximation; ADP spread unavailable; engine may use an explicitly assumed price spread; Player expected games not established; provider conventions retained without assuming 17 games,espn:4360078,,1,1,limited,,season_total,
Patrick Mahomes,QB,KC,108.97,,295.5,,Source update time unknown; fetch time is not content freshness; Assumed zero for two_pt: ESPN adapter does not currently map two-point projections; Assumed zero for rec: ESPN QB receiving absent; explicit zero approximation; Assumed zero for rec_yd: ESPN QB receiving absent; explicit zero approximation; Assumed zero for rec_td: ESPN QB receiving absent; explicit zero approximation; Assumed zero for two_pt: Source table does not publish two-point projections; explicit zero approximation; Assumed zero for rec: QB receiving not supplied by this table; explicit zero approximation; Assumed zero for rec_yd: QB receiving not supplied by this table; explicit zero approximation; Assumed zero for rec_td: QB receiving not supplied by this table; explicit zero approximation; ADP spread unavailable; engine may use an explicitly assumed price spread; Player expected games not established; provider conventions retained without assuming 17 games,espn:3139477,7.300000000000011,2,2,limited,,season_total,
Brock Purdy,QB,SF,109.44,,296.6,,Source update time unknown; fetch time is not content freshness; Assumed zero for two_pt: ESPN adapter does not currently map two-point projections; Assumed zero for rec: ESPN QB receiving absent; explicit zero approximation; Assumed zero for rec_yd: ESPN QB receiving absent; explicit zero approximation; Assumed zero for rec_td: ESPN QB receiving absent; explicit zero approximation; Source independence is unverified; do not claim independent consensus; Assumed zero for two_pt: Source table does not publish two-point projections; explicit zero approximation; Assumed zero for rec: QB receiving not supplied by this table; explicit zero approximation; Assumed zero for rec_yd: QB receiving not supplied by this table; explicit zero approximation; Assumed zero for rec_td: QB receiving not supplied by this table; explicit zero approximation; ADP spread unavailable; engine may use an explicitly assumed price spread; Player expected games not established; provider conventions retained without assuming 17 games,espn:4361741,6.329999122345034,3,2,limited,,season_total,
Chuba Hubbard,RB,CAR,110.29,,156.7,,Source update time unknown; fetch time is not content freshness; Assumed zero for two_pt: ESPN adapter does not currently map two-point projections; Assumed zero for two_pt: Source table does not publish two-point projections; explicit zero approximation; ADP spread unavailable; engine may use an explicitly assumed price spread; Player expected games not established; provider conventions retained without assuming 17 games,espn:4241416,2.0,2,2,limited,,season_total,
Cameron Dicker,K,LAC,110.82,,149.7,,Source update time unknown; fetch time is not content freshness; K/DEF scoring uses aggregate approximations; verify league distance/bucket rules; ADP spread unavailable; engine may use an explicitly assumed price spread; Player expected games not established; provider conventions retained without assuming 17 games,espn:4362081,,1,1,limited,,season_total,
J.K. Dobbins,RB,DEN,111.59,,167.6,,Source update time unknown; fetch time is not content freshness; Assumed zero for two_pt: ESPN adapter does not currently map two-point projections; Assumed zero for two_pt: Source table does not publish two-point projections; explicit zero approximation; ADP spread unavailable; engine may use an explicitly assumed price spread; Player expected games not established; provider conventions retained without assuming 17 games,espn:4241985,4.3500000000000085,2,2,limited,,season_total,
Wan'Dale Robinson,WR,TEN,112.25,,140.8,,Source update time unknown; fetch time is not content freshness; Assumed zero for two_pt: ESPN adapter does not currently map two-point projections; Assumed zero for two_pt: Source table does not publish two-point projections; explicit zero approximation; ADP spread unavailable; engine may use an explicitly assumed price spread; Player expected games not established; provider conventions retained without assuming 17 games,espn:4569587,5.3999999999999915,2,2,limited,,season_total,
Jake Ferguson,TE,DAL,112.93,,135.1,,Source update time unknown; fetch time is not content freshness; Assumed zero for two_pt: ESPN adapter does not currently map two-point projections; Assumed zero for rush_yd: ESPN TE rushing absent; explicit zero approximation; Assumed zero for rush_td: ESPN TE rushing absent; explicit zero approximation; Assumed zero for two_pt: Source table does not publish two-point projections; explicit zero approximation; Assumed zero for rush_yd: TE rushing not supplied by this table; explicit zero approximation; Assumed zero for rush_td: TE rushing not supplied by this table; explicit zero approximation; ADP spread unavailable; engine may use an explicitly assumed price spread; Player expected games not established; provider conventions retained without assuming 17 games,espn:4242355,5.3500000000000085,2,2,limited,,season_total,
Seahawks D/ST,DEF,SEA,113.07,,116.0,,Source update time unknown; fetch time is not content freshness; K/DEF scoring uses aggregate approximations; verify league distance/bucket rules; ADP spread unavailable; engine may use an explicitly assumed price spread; Player expected games not established; provider conventions retained without assuming 17 games,espn:-16026,,1,1,limited,,season_total,
Jason Myers,K,SEA,113.58,,147.1,,Source update time unknown; fetch time is not content freshness; K/DEF scoring uses aggregate approximations; verify league distance/bucket rules; ADP spread unavailable; engine may use an explicitly assumed price spread; Player expected games not established; provider conventions retained without assuming 17 games,espn:2473037,,1,1,limited,,season_total,
Brian Thomas Jr.,WR,JAX,113.6,,158.7,,Source update time unknown; fetch time is not content freshness; Assumed zero for two_pt: ESPN adapter does not currently map two-point projections; Assumed zero for two_pt: Source table does not publish two-point projections; explicit zero approximation; ADP spread unavailable; engine may use an explicitly assumed price spread; Player expected games not established; provider conventions retained without assuming 17 games,espn:4432773,11.0,2,2,limited,,season_total,
Matthew Golden,WR,GB,114.46,,142.7,,Source update time unknown; fetch time is not content freshness; Assumed zero for two_pt: ESPN adapter does not currently map two-point projections; Assumed zero for two_pt: Source table does not publish two-point projections; explicit zero approximation; ADP spread unavailable; engine may use an explicitly assumed price spread; Player expected games not established; provider conventions retained without assuming 17 games,espn:4701936,11.0,2,2,limited,,season_total,
Aaron Jones Sr.,RB,MIN,115.91,,153.7,,Source update time unknown; fetch time is not content freshness; Assumed zero for two_pt: ESPN adapter does not currently map two-point projections; ADP spread unavailable; engine may use an explicitly assumed price spread; Player expected games not established; provider conventions retained without assuming 17 games,espn:3042519,,1,1,limited,,season_total,
Travis Hunter,WR,JAX,118.55,,83.2,,Source update time unknown; fetch time is not content freshness; Assumed zero for two_pt: ESPN adapter does not currently map two-point projections; ADP spread unavailable; engine may use an explicitly assumed price spread; Player expected games not established; provider conventions retained without assuming 17 games,espn:4685415,,1,1,limited,,season_total,
Jakobi Meyers,WR,JAX,121.99,,145.8,,Source update time unknown; fetch time is not content freshness; Assumed zero for two_pt: ESPN adapter does not currently map two-point projections; Assumed zero for two_pt: Source table does not publish two-point projections; explicit zero approximation; ADP spread unavailable; engine may use an explicitly assumed price spread; Player expected games not established; provider conventions retained without assuming 17 games,espn:3916433,0.75,2,2,limited,,season_total,
Steelers D/ST,DEF,PIT,122.02,,116.5,,Source update time unknown; fetch time is not content freshness; K/DEF scoring uses aggregate approximations; verify league distance/bucket rules; ADP spread unavailable; engine may use an explicitly assumed price spread; Player expected games not established; provider conventions retained without assuming 17 games,espn:-16023,,1,1,limited,,season_total,
Isaiah Likely,TE,NYG,122.21,,143.3,,Source update time unknown; fetch time is not content freshness; Assumed zero for two_pt: ESPN adapter does not currently map two-point projections; Assumed zero for rush_yd: ESPN TE rushing absent; explicit zero approximation; Assumed zero for rush_td: ESPN TE rushing absent; explicit zero approximation; Assumed zero for two_pt: Source table does not publish two-point projections; explicit zero approximation; Assumed zero for rush_yd: TE rushing not supplied by this table; explicit zero approximation; Assumed zero for rush_td: TE rushing not supplied by this table; explicit zero approximation; ADP spread unavailable; engine may use an explicitly assumed price spread; Player expected games not established; provider conventions retained without assuming 17 games,espn:4361050,20.200000000000003,2,2,limited,,season_total,
Ka'imi Fairbairn,K,HOU,123.27,,145.2,,Source update time unknown; fetch time is not content freshness; K/DEF scoring uses aggregate approximations; verify league distance/bucket rules; ADP spread unavailable; engine may use an explicitly assumed price spread; Player expected games not established; provider conventions retained without assuming 17 games,espn:2971573,,1,1,limited,,season_total,
Jordan Addison,WR,MIN,123.31,,144.3,,Source update time unknown; fetch time is not content freshness; Assumed zero for two_pt: ESPN adapter does not currently map two-point projections; Assumed zero for two_pt: Source table does not publish two-point projections; explicit zero approximation; ADP spread unavailable; engine may use an explicitly assumed price spread; Player expected games not established; provider conventions retained without assuming 17 games,espn:4429205,4.349999999999994,2,2,limited,,season_total,
Kyle Monangai,RB,CHI,124.8,,153.6,,Source update time unknown; fetch time is not content freshness; Assumed zero for two_pt: ESPN adapter does not currently map two-point projections; Assumed zero for two_pt: Source table does not publish two-point projections; explicit zero approximation; ADP spread unavailable; engine may use an explicitly assumed price spread; Player expected games not established; provider conventions retained without assuming 17 games,espn:4608686,7.75,2,2,limited,,season_total,
Mark Andrews,TE,BAL,126.3,,144.4,,Source update time unknown; fetch time is not content freshness; Assumed zero for two_pt: ESPN adapter does not currently map two-point projections; Assumed zero for two_pt: Source table does not publish two-point projections; explicit zero approximation; Assumed zero for rush_yd: TE rushing not supplied by this table; explicit zero approximation; Assumed zero for rush_td: TE rushing not supplied by this table; explicit zero approximation; ADP spread unavailable; engine may use an explicitly assumed price spread; Player expected games not established; provider conventions retained without assuming 17 games,espn:3116365,4.8500000000000085,2,2,limited,,season_total,
Blake Corum,RB,LAR,126.87,,139.8,,Source update time unknown; fetch time is not content freshness; Assumed zero for two_pt: ESPN adapter does not currently map two-point projections; Assumed zero for two_pt: Source table does not publish two-point projections; explicit zero approximation; ADP spread unavailable; engine may use an explicitly assumed price spread; Player expected games not established; provider conventions retained without assuming 17 games,espn:4429096,10.650000000000006,2,2,limited,,season_total,
RJ Harvey,RB,DEN,127.55,,145.4,,Source update time unknown; fetch time is not content freshness; Assumed zero for two_pt: ESPN adapter does not currently map two-point projections; Assumed zero for two_pt: Source table does not publish two-point projections; explicit zero approximation; ADP spread unavailable; engine may use an explicitly assumed price spread; Player expected games not established; provider conventions retained without assuming 17 games,espn:4568490,21.249999999999993,2,2,limited,,season_total,
Rachaad White,RB,WAS,127.95,,141.7,,Source update time unknown; fetch time is not content freshness; Assumed zero for two_pt: ESPN adapter does not currently map two-point projections; Assumed zero for two_pt: Source table does not publish two-point projections; explicit zero approximation; ADP spread unavailable; engine may use an explicitly assumed price spread; Player expected games not established; provider conventions retained without assuming 17 games,espn:4697815,1.5,2,2,limited,,season_total,
Dalton Kincaid,TE,BUF,131.29,,137.2,,Source update time unknown; fetch time is not content freshness; Assumed zero for two_pt: ESPN adapter does not currently map two-point projections; Assumed zero for rush_yd: ESPN TE rushing absent; explicit zero approximation; Assumed zero for rush_td: ESPN TE rushing absent; explicit zero approximation; Assumed zero for two_pt: Source table does not publish two-point projections; explicit zero approximation; Assumed zero for rush_yd: TE rushing not supplied by this table; explicit zero approximation; Assumed zero for rush_td: TE rushing not supplied by this table; explicit zero approximation; ADP spread unavailable; engine may use an explicitly assumed price spread; Player expected games not established; provider conventions retained without assuming 17 games,espn:4385690,11.949999999999996,2,2,limited,,season_total,
Harrison Mevis,K,LAR,131.69,,149.1,,Source update time unknown; fetch time is not content freshness; K/DEF scoring uses aggregate approximations; verify league distance/bucket rules; ADP spread unavailable; engine may use an explicitly assumed price spread; Player expected games not established; provider conventions retained without assuming 17 games,espn:4574716,,1,1,limited,,season_total,
Xavier Worthy,WR,KC,132.04,,140.3,,Source update time unknown; fetch time is not content freshness; Assumed zero for two_pt: ESPN adapter does not currently map two-point projections; Assumed zero for two_pt: Source table does not publish two-point projections; explicit zero approximation; ADP spread unavailable; engine may use an explicitly assumed price spread; Player expected games not established; provider conventions retained without assuming 17 games,espn:4683062,4.3999999999999915,2,2,limited,,season_total,
Quentin Johnston,WR,LAC,133.2,,149.4,,Source update time unknown; fetch time is not content freshness; Assumed zero for two_pt: ESPN adapter does not currently map two-point projections; Assumed zero for two_pt: Source table does not publish two-point projections; explicit zero approximation; ADP spread unavailable; engine may use an explicitly assumed price spread; Player expected games not established; provider conventions retained without assuming 17 games,espn:4429025,10.700000000000003,2,2,limited,,season_total,
Ravens D/ST,DEF,BAL,133.84,,114.2,,Source update time unknown; fetch time is not content freshness; K/DEF scoring uses aggregate approximations; verify league distance/bucket rules; ADP spread unavailable; engine may use an explicitly assumed price spread; Player expected games not established; provider conventions retained without assuming 17 games,espn:-16033,,1,1,limited,,season_total,
Makai Lemon,WR,PHI,134.42,,121.6,,Source update time unknown; fetch time is not content freshness; Assumed zero for two_pt: Source table does not publish two-point projections; explicit zero approximation; ADP spread unavailable; engine may use an explicitly assumed price spread; Player expected games not established; provider conventions retained without assuming 17 games,espn:4870795,,1,1,limited,,season_total,
Jared Goff,QB,DET,136.93,,275.1,,Source update time unknown; fetch time is not content freshness; Assumed zero for two_pt: ESPN adapter does not currently map two-point projections; Assumed zero for rec: ESPN QB receiving absent; explicit zero approximation; Assumed zero for rec_yd: ESPN QB receiving absent; explicit zero approximation; Assumed zero for rec_td: ESPN QB receiving absent; explicit zero approximation; Assumed zero for two_pt: Source table does not publish two-point projections; explicit zero approximation; Assumed zero for rec: QB receiving not supplied by this table; explicit zero approximation; Assumed zero for rec_yd: QB receiving not supplied by this table; explicit zero approximation; Assumed zero for rec_td: QB receiving not supplied by this table; explicit zero approximation; ADP spread unavailable; engine may use an explicitly assumed price spread; Player expected games not established; provider conventions retained without assuming 17 games,espn:3046779,7.5,2,2,limited,,season_total,
Kyler Murray,QB,MIN,137.1,,278.7,,Source update time unknown; fetch time is not content freshness; Assumed zero for two_pt: ESPN adapter does not currently map two-point projections; Assumed zero for rec: ESPN QB receiving absent; explicit zero approximation; Assumed zero for rec_yd: ESPN QB receiving absent; explicit zero approximation; Assumed zero for rec_td: ESPN QB receiving absent; explicit zero approximation; Assumed zero for two_pt: Source table does not publish two-point projections; explicit zero approximation; Assumed zero for rec: QB receiving not supplied by this table; explicit zero approximation; Assumed zero for rec_yd: QB receiving not supplied by this table; explicit zero approximation; Assumed zero for rec_td: QB receiving not supplied by this table; explicit zero approximation; ADP spread unavailable; engine may use an explicitly assumed price spread; Player expected games not established; provider conventions retained without assuming 17 games,espn:3917315,1.5,2,2,limited,,season_total,
Jacory Croskey-Merritt,RB,WAS,137.22,,145.8,,Source update time unknown; fetch time is not content freshness; Assumed zero for two_pt: ESPN adapter does not currently map two-point projections; Assumed zero for two_pt: Source table does not publish two-point projections; explicit zero approximation; ADP spread unavailable; engine may use an explicitly assumed price spread; Player expected games not established; provider conventions retained without assuming 17 games,espn:4575131,4.25,2,2,limited,,season_total,
Josh Downs,WR,IND,137.49,,130.5,,Source update time unknown; fetch time is not content freshness; Assumed zero for two_pt: ESPN adapter does not currently map two-point projections; Assumed zero for two_pt: Source table does not publish two-point projections; explicit zero approximation; ADP spread unavailable; engine may use an explicitly assumed price spread; Player expected games not established; provider conventions retained without assuming 17 games,espn:4688813,9.199999999999996,2,2,limited,,season_total,
Eagles D/ST,DEF,PHI,137.71,,107.2,,Source update time unknown; fetch time is not content freshness; K/DEF scoring uses aggregate approximations; verify league distance/bucket rules; ADP spread unavailable; engine may use an explicitly assumed price spread; Player expected games not established; provider conventions retained without assuming 17 games,espn:-16021,,1,1,limited,,season_total,
De'Zhaun Stribling,WR,SF,138.35,,143.5,,Source update time unknown; fetch time is not content freshness; Assumed zero for two_pt: Source table does not publish two-point projections; explicit zero approximation; ADP spread unavailable; engine may use an explicitly assumed price spread; Player expected games not established; provider conventions retained without assuming 17 games,espn:4710714,,1,1,limited,,season_total,
Khalil Shakir,WR,BUF,139.37,,127.5,,Source update time unknown; fetch time is not content freshness; Assumed zero for two_pt: ESPN adapter does not currently map two-point projections; Assumed zero for two_pt: Source table does not publish two-point projections; explicit zero approximation; ADP spread unavailable; engine may use an explicitly assumed price spread; Player expected games not established; provider conventions retained without assuming 17 games,espn:4373678,7.049999999999997,2,2,limited,,season_total,
Jayden Reed,WR,GB,139.89,,142.8,,Source update time unknown; fetch time is not content freshness; Assumed zero for two_pt: ESPN adapter does not currently map two-point projections; Assumed zero for two_pt: Source table does not publish two-point projections; explicit zero approximation; ADP spread unavailable; engine may use an explicitly assumed price spread; Player expected games not established; provider conventions retained without assuming 17 games,espn:4362249,2.0,2,2,limited,,season_total,
Jordan Mason,RB,MIN,140.19,,146.2,,Source update time unknown; fetch time is not content freshness; Assumed zero for two_pt: ESPN adapter does not currently map two-point projections; Assumed zero for two_pt: Source table does not publish two-point projections; explicit zero approximation; ADP spread unavailable; engine may use an explicitly assumed price spread; Player expected games not established; provider conventions retained without assuming 17 games,espn:4360569,2.0500000000000114,2,2,limited,,season_total,
Cam Little,K,JAX,140.74,,136.4,,Source update time unknown; fetch time is not content freshness; K/DEF scoring uses aggregate approximations; verify league distance/bucket rules; ADP spread unavailable; engine may use an explicitly assumed price spread; Player expected games not established; provider conventions retained without assuming 17 games,espn:4686361,,1,1,limited,,season_total,
Eddy Pineiro,K,SF,142.14,,143.9,,Source update time unknown; fetch time is not content freshness; K/DEF scoring uses aggregate approximations; verify league distance/bucket rules; ADP spread unavailable; engine may use an explicitly assumed price spread; Player expected games not established; provider conventions retained without assuming 17 games,espn:4034949,,1,1,limited,,season_total,
Harrison Butker,K,KC,143.84,,138.1,,Source update time unknown; fetch time is not content freshness; K/DEF scoring uses aggregate approximations; verify league distance/bucket rules; ADP spread unavailable; engine may use an explicitly assumed price spread; Player expected games not established; provider conventions retained without assuming 17 games,espn:3055899,,1,1,limited,,season_total,
Deebo Samuel Sr.,WR,SF,144.39,,124.9,,Source update time unknown; fetch time is not content freshness; Assumed zero for two_pt: ESPN adapter does not currently map two-point projections; ADP spread unavailable; engine may use an explicitly assumed price spread; Player expected games not established; provider conventions retained without assuming 17 games,espn:3126486,,1,1,limited,,season_total,
Baker Mayfield,QB,TB,146.88,,274.9,,Source update time unknown; fetch time is not content freshness; Assumed zero for two_pt: ESPN adapter does not currently map two-point projections; Assumed zero for rec: ESPN QB receiving absent; explicit zero approximation; Assumed zero for rec_yd: ESPN QB receiving absent; explicit zero approximation; Assumed zero for rec_td: ESPN QB receiving absent; explicit zero approximation; Assumed zero for two_pt: Source table does not publish two-point projections; explicit zero approximation; Assumed zero for rec: QB receiving not supplied by this table; explicit zero approximation; Assumed zero for rec_yd: QB receiving not supplied by this table; explicit zero approximation; Assumed zero for rec_td: QB receiving not supplied by this table; explicit zero approximation; ADP spread unavailable; engine may use an explicitly assumed price spread; Player expected games not established; provider conventions retained without assuming 17 games,espn:3052587,14.849999999999994,2,2,limited,,season_total,
KC Concepcion,WR,CLE,148.0,,132.8,,Source update time unknown; fetch time is not content freshness; Assumed zero for two_pt: ESPN adapter does not currently map two-point projections; Assumed zero for two_pt: Source table does not publish two-point projections; explicit zero approximation; ADP spread unavailable; engine may use an explicitly assumed price spread; Player expected games not established; provider conventions retained without assuming 17 games,espn:4870653,7.449999999999996,2,2,limited,,season_total,
Romeo Doubs,WR,NE,148.29,,147.7,,Source update time unknown; fetch time is not content freshness; Assumed zero for two_pt: Source table does not publish two-point projections; explicit zero approximation; ADP spread unavailable; engine may use an explicitly assumed price spread; Player expected games not established; provider conventions retained without assuming 17 games,espn:4361432,,1,1,limited,,season_total,
Tyjae Spears,RB,TEN,149.58,,124.9,,Source update time unknown; fetch time is not content freshness; Assumed zero for two_pt: ESPN adapter does not currently map two-point projections; Assumed zero for two_pt: Source table does not publish two-point projections; explicit zero approximation; ADP spread unavailable; engine may use an explicitly assumed price spread; Player expected games not established; provider conventions retained without assuming 17 games,espn:4428557,4.5,2,2,limited,,season_total,
Woody Marks,RB,HOU,152.28,,118.6,,Source update time unknown; fetch time is not content freshness; Assumed zero for two_pt: ESPN adapter does not currently map two-point projections; Assumed zero for two_pt: Source table does not publish two-point projections; explicit zero approximation; ADP spread unavailable; engine may use an explicitly assumed price spread; Player expected games not established; provider conventions retained without assuming 17 games,espn:4429059,0.10000000000000142,2,2,limited,,season_total,
Tyler Shough,QB,NO,152.57,,269.9,,Source update time unknown; fetch time is not content freshness; Assumed zero for two_pt: ESPN adapter does not currently map two-point projections; Assumed zero for rec: ESPN QB receiving absent; explicit zero approximation; Assumed zero for rec_yd: ESPN QB receiving absent; explicit zero approximation; Assumed zero for rec_td: ESPN QB receiving absent; explicit zero approximation; Assumed zero for two_pt: Source table does not publish two-point projections; explicit zero approximation; Assumed zero for rec: QB receiving not supplied by this table; explicit zero approximation; Assumed zero for rec_yd: QB receiving not supplied by this table; explicit zero approximation; Assumed zero for rec_td: QB receiving not supplied by this table; explicit zero approximation; ADP spread unavailable; engine may use an explicitly assumed price spread; Player expected games not established; provider conventions retained without assuming 17 games,espn:4360689,7.049999999999983,2,2,limited,,season_total,
Hunter Henry,TE,NE,152.89,,128.3,,Source update time unknown; fetch time is not content freshness; Assumed zero for two_pt: ESPN adapter does not currently map two-point projections; Assumed zero for rush_yd: ESPN TE rushing absent; explicit zero approximation; Assumed zero for rush_td: ESPN TE rushing absent; explicit zero approximation; Assumed zero for two_pt: Source table does not publish two-point projections; explicit zero approximation; Assumed zero for rush_yd: TE rushing not supplied by this table; explicit zero approximation; Assumed zero for rush_td: TE rushing not supplied by this table; explicit zero approximation; ADP spread unavailable; engine may use an explicitly assumed price spread; Player expected games not established; provider conventions retained without assuming 17 games,espn:3046439,6.349999999999994,2,2,limited,,season_total,
T.J. Hockenson,TE,MIN,153.4,,111.4,,Source update time unknown; fetch time is not content freshness; Assumed zero for two_pt: ESPN adapter does not currently map two-point projections; Assumed zero for rush_yd: ESPN TE rushing absent; explicit zero approximation; Assumed zero for rush_td: ESPN TE rushing absent; explicit zero approximation; Assumed zero for two_pt: Source table does not publish two-point projections; explicit zero approximation; Assumed zero for rush_yd: TE rushing not supplied by this table; explicit zero approximation; Assumed zero for rush_td: TE rushing not supplied by this table; explicit zero approximation; ADP spread unavailable; engine may use an explicitly assumed price spread; Player expected games not established; provider conventions retained without assuming 17 games,espn:4036133,8.100000000000001,2,2,limited,,season_total,
Patriots D/ST,DEF,NE,153.87,,109.4,,Source update time unknown; fetch time is not content freshness; K/DEF scoring uses aggregate approximations; verify league distance/bucket rules; ADP spread unavailable; engine may use an explicitly assumed price spread; Player expected games not established; provider conventions retained without assuming 17 games,espn:-16017,,1,1,limited,,season_total,
Jalen Coker,WR,CAR,154.67,,138.1,,Source update time unknown; fetch time is not content freshness; Assumed zero for two_pt: Source table does not publish two-point projections; explicit zero approximation; ADP spread unavailable; engine may use an explicitly assumed price spread; Player expected games not established; provider conventions retained without assuming 17 games,espn:4695883,,1,1,limited,,season_total,
Lions D/ST,DEF,DET,155.2,,112.2,,Source update time unknown; fetch time is not content freshness; K/DEF scoring uses aggregate approximations; verify league distance/bucket rules; ADP spread unavailable; engine may use an explicitly assumed price spread; Player expected games not established; provider conventions retained without assuming 17 games,espn:-16008,,1,1,limited,,season_total,
Jordan Love,QB,GB,155.21,,264.4,,Source update time unknown; fetch time is not content freshness; Assumed zero for two_pt: ESPN adapter does not currently map two-point projections; Assumed zero for rec: ESPN QB receiving absent; explicit zero approximation; Assumed zero for rec_yd: ESPN QB receiving absent; explicit zero approximation; Assumed zero for rec_td: ESPN QB receiving absent; explicit zero approximation; Assumed zero for two_pt: Source table does not publish two-point projections; explicit zero approximation; Assumed zero for rec: QB receiving not supplied by this table; explicit zero approximation; Assumed zero for rec_yd: QB receiving not supplied by this table; explicit zero approximation; Assumed zero for rec_td: QB receiving not supplied by this table; explicit zero approximation; ADP spread unavailable; engine may use an explicitly assumed price spread; Player expected games not established; provider conventions retained without assuming 17 games,espn:4036378,2.75,2,2,limited,,season_total,
Zach Charbonnet,RB,SEA,155.24,,111.6,,Source update time unknown; fetch time is not content freshness; Assumed zero for two_pt: ESPN adapter does not currently map two-point projections; Assumed zero for two_pt: Source table does not publish two-point projections; explicit zero approximation; ADP spread unavailable; engine may use an explicitly assumed price spread; Player expected games not established; provider conventions retained without assuming 17 games,espn:4426385,11.800000000000004,2,2,limited,,season_total,
Jake Bates,K,DET,156.63,,136.5,,Source update time unknown; fetch time is not content freshness; K/DEF scoring uses aggregate approximations; verify league distance/bucket rules; ADP spread unavailable; engine may use an explicitly assumed price spread; Player expected games not established; provider conventions retained without assuming 17 games,espn:4689936,,1,1,limited,,season_total,
Juwan Johnson,TE,NO,157.37,,129.0,,Source update time unknown; fetch time is not content freshness; Assumed zero for two_pt: ESPN adapter does not currently map two-point projections; Assumed zero for rush_yd: ESPN TE rushing absent; explicit zero approximation; Assumed zero for rush_td: ESPN TE rushing absent; explicit zero approximation; Assumed zero for two_pt: Source table does not publish two-point projections; explicit zero approximation; Assumed zero for rush_yd: TE rushing not supplied by this table; explicit zero approximation; Assumed zero for rush_td: TE rushing not supplied by this table; explicit zero approximation; ADP spread unavailable; engine may use an explicitly assumed price spread; Player expected games not established; provider conventions retained without assuming 17 games,espn:3929645,14.800000000000004,2,2,limited,,season_total,
Browns D/ST,DEF,CLE,158.38,,107.7,,Source update time unknown; fetch time is not content freshness; K/DEF scoring uses aggregate approximations; verify league distance/bucket rules; ADP spread unavailable; engine may use an explicitly assumed price spread; Player expected games not established; provider conventions retained without assuming 17 games,espn:-16005,,1,1,limited,,season_total,
Rashid Shaheed,WR,SEA,160.61,,131.6,,Source update time unknown; fetch time is not content freshness; Assumed zero for two_pt: ESPN adapter does not currently map two-point projections; Assumed zero for two_pt: Source table does not publish two-point projections; explicit zero approximation; ADP spread unavailable; engine may use an explicitly assumed price spread; Player expected games not established; provider conventions retained without assuming 17 games,espn:4032473,14.0,2,2,limited,,season_total,
Daniel Jones,QB,IND,160.63,,268.6,,Source update time unknown; fetch time is not content freshness; Assumed zero for two_pt: ESPN adapter does not currently map two-point projections; Assumed zero for rec: ESPN QB receiving absent; explicit zero approximation; Assumed zero for rec_yd: ESPN QB receiving absent; explicit zero approximation; Assumed zero for rec_td: ESPN QB receiving absent; explicit zero approximation; Assumed zero for two_pt: Source table does not publish two-point projections; explicit zero approximation; Assumed zero for rec: QB receiving not supplied by this table; explicit zero approximation; Assumed zero for rec_yd: QB receiving not supplied by this table; explicit zero approximation; Assumed zero for rec_td: QB receiving not supplied by this table; explicit zero approximation; ADP spread unavailable; engine may use an explicitly assumed price spread; Player expected games not established; provider conventions retained without assuming 17 games,espn:3917792,5.949999999999989,2,2,limited,,season_total,
Sam Darnold,QB,SEA,162.47,,254.6,,Source update time unknown; fetch time is not content freshness; Assumed zero for two_pt: ESPN adapter does not currently map two-point projections; Assumed zero for rec: ESPN QB receiving absent; explicit zero approximation; Assumed zero for rec_yd: ESPN QB receiving absent; explicit zero approximation; Assumed zero for rec_td: ESPN QB receiving absent; explicit zero approximation; Assumed zero for two_pt: Source table does not publish two-point projections; explicit zero approximation; Assumed zero for rec: QB receiving not supplied by this table; explicit zero approximation; Assumed zero for rec_yd: QB receiving not supplied by this table; explicit zero approximation; Assumed zero for rec_td: QB receiving not supplied by this table; explicit zero approximation; ADP spread unavailable; engine may use an explicitly assumed price spread; Player expected games not established; provider conventions retained without assuming 17 games,espn:3912547,14.050000000000011,2,2,limited,,season_total,
Alvin Kamara,RB,NO,162.76,,95.2,,Source update time unknown; fetch time is not content freshness; Assumed zero for two_pt: ESPN adapter does not currently map two-point projections; Assumed zero for two_pt: Source table does not publish two-point projections; explicit zero approximation; ADP spread unavailable; engine may use an explicitly assumed price spread; Player expected games not established; provider conventions retained without assuming 17 games,espn:3054850,2.5,2,2,limited,,season_total,
Mike Washington Jr.,RB,LV,163.2,,92.8,,Source update time unknown; fetch time is not content freshness; Assumed zero for two_pt: ESPN adapter does not currently map two-point projections; Assumed zero for two_pt: Source table does not publish two-point projections; explicit zero approximation; ADP spread unavailable; engine may use an explicitly assumed price spread; Player expected games not established; provider conventions retained without assuming 17 games,espn:4686658,30.5,2,2,limited,,season_total,
Tyler Allgeier,RB,ARI,163.57,,86.4,,Source update time unknown; fetch time is not content freshness; Assumed zero for two_pt: ESPN adapter does not currently map two-point projections; Assumed zero for two_pt: Source table does not publish two-point projections; explicit zero approximation; ADP spread unavailable; engine may use an explicitly assumed price spread; Player expected games not established; provider conventions retained without assuming 17 games,espn:4373626,3.3999999999999986,2,2,limited,,season_total,
Jalen McMillan,WR,TB,163.61,,110.4,,Source update time unknown; fetch time is not content freshness; Assumed zero for two_pt: ESPN adapter does not currently map two-point projections; Assumed zero for two_pt: Source table does not publish two-point projections; explicit zero approximation; ADP spread unavailable; engine may use an explicitly assumed price spread; Player expected games not established; provider conventions retained without assuming 17 games,espn:4430834,1.8999999999999986,2,2,limited,,season_total,
Isiah Pacheco,RB,DET,164.04,,75.8,,Source update time unknown; fetch time is not content freshness; Assumed zero for two_pt: ESPN adapter does not currently map two-point projections; Assumed zero for two_pt: Source table does not publish two-point projections; explicit zero approximation; ADP spread unavailable; engine may use an explicitly assumed price spread; Player expected games not established; provider conventions retained without assuming 17 games,espn:4361529,9.350000000000001,2,2,limited,,season_total,
Jonah Coleman,RB,DEN,164.29,,44.2,,Source update time unknown; fetch time is not content freshness; Assumed zero for two_pt: ESPN adapter does not currently map two-point projections; Assumed zero for two_pt: Source table does not publish two-point projections; explicit zero approximation; ADP spread unavailable; engine may use an explicitly assumed price spread; Player expected games not established; provider conventions retained without assuming 17 games,espn:4702555,21.049999999999997,2,2,limited,,season_total,
Chris Rodriguez Jr.,RB,JAX,164.64,,94.2,,Source update time unknown; fetch time is not content freshness; Assumed zero for two_pt: ESPN adapter does not currently map two-point projections; Assumed zero for two_pt: Source table does not publish two-point projections; explicit zero approximation; ADP spread unavailable; engine may use an explicitly assumed price spread; Player expected games not established; provider conventions retained without assuming 17 games,espn:4362619,24.65,2,2,limited,,season_total,
Chris Boswell,K,PIT,164.7,,131.6,,Source update time unknown; fetch time is not content freshness; K/DEF scoring uses aggregate approximations; verify league distance/bucket rules; ADP spread unavailable; engine may use an explicitly assumed price spread; Player expected games not established; provider conventions retained without assuming 17 games,espn:17372,,1,1,limited,,season_total,
Tank Dell,WR,HOU,165.06,,89.3,,Source update time unknown; fetch time is not content freshness; Assumed zero for two_pt: Source table does not publish two-point projections; explicit zero approximation; ADP spread unavailable; engine may use an explicitly assumed price spread; Player expected games not established; provider conventions retained without assuming 17 games,espn:4366031,,1,1,limited,,season_total,
C.J. Stroud,QB,HOU,165.3,,256.2,,Source update time unknown; fetch time is not content freshness; Assumed zero for two_pt: ESPN adapter does not currently map two-point projections; Assumed zero for rec: ESPN QB receiving absent; explicit zero approximation; Assumed zero for rec_yd: ESPN QB receiving absent; explicit zero approximation; Assumed zero for rec_td: ESPN QB receiving absent; explicit zero approximation; Assumed zero for two_pt: Source table does not publish two-point projections; explicit zero approximation; Assumed zero for rec: QB receiving not supplied by this table; explicit zero approximation; Assumed zero for rec_yd: QB receiving not supplied by this table; explicit zero approximation; Assumed zero for rec_td: QB receiving not supplied by this table; explicit zero approximation; ADP spread unavailable; engine may use an explicitly assumed price spread; Player expected games not established; provider conventions retained without assuming 17 games,espn:4432577,13.350000000000009,2,2,limited,,season_total,
Chargers D/ST,DEF,LAC,165.39,,94.7,,Source update time unknown; fetch time is not content freshness; K/DEF scoring uses aggregate approximations; verify league distance/bucket rules; ADP spread unavailable; engine may use an explicitly assumed price spread; Player expected games not established; provider conventions retained without assuming 17 games,espn:-16024,,1,1,limited,,season_total,
Tyler Loop,K,BAL,165.65,,135.9,,Source update time unknown; fetch time is not content freshness; K/DEF scoring uses aggregate approximations; verify league distance/bucket rules; ADP spread unavailable; engine may use an explicitly assumed price spread; Player expected games not established; provider conventions retained without assuming 17 games,espn:4697745,,1,1,limited,,season_total,
Keenan Allen,WR,IND,165.73,,128.5,,Source update time unknown; fetch time is not content freshness; Assumed zero for two_pt: Source table does not publish two-point projections; explicit zero approximation; ADP spread unavailable; engine may use an explicitly assumed price spread; Player expected games not established; provider conventions retained without assuming 17 games,espn:15818,,1,1,limited,,season_total,
Kenyon Sadiq,TE,NYJ,166.16,,112.7,,Source update time unknown; fetch time is not content freshness; Assumed zero for two_pt: ESPN adapter does not currently map two-point projections; Assumed zero for rush_yd: ESPN TE rushing absent; explicit zero approximation; Assumed zero for rush_td: ESPN TE rushing absent; explicit zero approximation; Assumed zero for two_pt: Source table does not publish two-point projections; explicit zero approximation; Assumed zero for rush_yd: TE rushing not supplied by this table; explicit zero approximation; Assumed zero for rush_td: TE rushing not supplied by this table; explicit zero approximation; ADP spread unavailable; engine may use an explicitly assumed price spread; Player expected games not established; provider conventions retained without assuming 17 games,espn:5083315,2.3500000000000014,2,2,limited,,season_total,
Chiefs D/ST,DEF,KC,166.45,,92.2,,Source update time unknown; fetch time is not content freshness; K/DEF scoring uses aggregate approximations; verify league distance/bucket rules; ADP spread unavailable; engine may use an explicitly assumed price spread; Player expected games not established; provider conventions retained without assuming 17 games,espn:-16012,,1,1,limited,,season_total,
Cowboys D/ST,DEF,DAL,167.39,,89.9,,Source update time unknown; fetch time is not content freshness; K/DEF scoring uses aggregate approximations; verify league distance/bucket rules; ADP spread unavailable; engine may use an explicitly assumed price spread; Player expected games not established; provider conventions retained without assuming 17 games,espn:-16006,,1,1,limited,,season_total,
Malik Willis,QB,MIA,167.52,,261.3,,Source update time unknown; fetch time is not content freshness; Assumed zero for two_pt: ESPN adapter does not currently map two-point projections; Assumed zero for rec: ESPN QB receiving absent; explicit zero approximation; Assumed zero for rec_yd: ESPN QB receiving absent; explicit zero approximation; Assumed zero for rec_td: ESPN QB receiving absent; explicit zero approximation; Assumed zero for two_pt: Source table does not publish two-point projections; explicit zero approximation; Assumed zero for rec: QB receiving not supplied by this table; explicit zero approximation; Assumed zero for rec_yd: QB receiving not supplied by this table; explicit zero approximation; Assumed zero for rec_td: QB receiving not supplied by this table; explicit zero approximation; ADP spread unavailable; engine may use an explicitly assumed price spread; Player expected games not established; provider conventions retained without assuming 17 games,espn:4242512,23.5,2,2,limited,,season_total,
Jaguars D/ST,DEF,JAX,167.67,,95.2,,Source update time unknown; fetch time is not content freshness; K/DEF scoring uses aggregate approximations; verify league distance/bucket rules; ADP spread unavailable; engine may use an explicitly assumed price spread; Player expected games not established; provider conventions retained without assuming 17 games,espn:-16030,,1,1,limited,,season_total,
Will Reichard,K,MIN,167.89,,131.7,,Source update time unknown; fetch time is not content freshness; K/DEF scoring uses aggregate approximations; verify league distance/bucket rules; ADP spread unavailable; engine may use an explicitly assumed price spread; Player expected games not established; provider conventions retained without assuming 17 games,espn:4567104,,1,1,limited,,season_total,
Brian Robinson Jr.,RB,ATL,168.01,,84.2,,Source update time unknown; fetch time is not content freshness; Assumed zero for two_pt: ESPN adapter does not currently map two-point projections; Assumed zero for two_pt: Source table does not publish two-point projections; explicit zero approximation; ADP spread unavailable; engine may use an explicitly assumed price spread; Player expected games not established; provider conventions retained without assuming 17 games,espn:4241474,5.0,2,2,limited,,season_total,
Jordyn Tyson,WR,NO,168.17,,97.1,,Source update time unknown; fetch time is not content freshness; Assumed zero for two_pt: Source table does not publish two-point projections; explicit zero approximation; ADP spread unavailable; engine may use an explicitly assumed price spread; Player expected games not established; provider conventions retained without assuming 17 games,espn:4880281,,1,1,limited,,season_total,
Terrance Ferguson,TE,LAR,168.21,,105.0,,Source update time unknown; fetch time is not content freshness; Assumed zero for two_pt: ESPN adapter does not currently map two-point projections; Assumed zero for rush_yd: ESPN TE rushing absent; explicit zero approximation; Assumed zero for rush_td: ESPN TE rushing absent; explicit zero approximation; Assumed zero for two_pt: Source table does not publish two-point projections; explicit zero approximation; Assumed zero for rush_yd: TE rushing not supplied by this table; explicit zero approximation; Assumed zero for rush_td: TE rushing not supplied by this table; explicit zero approximation; ADP spread unavailable; engine may use an explicitly assumed price spread; Player expected games not established; provider conventions retained without assuming 17 games,espn:4570037,7.599999999999994,2,2,limited,,season_total,
Trey Smack,K,GB,168.26,,134.1,,Source update time unknown; fetch time is not content freshness; K/DEF scoring uses aggregate approximations; verify league distance/bucket rules; ADP spread unavailable; engine may use an explicitly assumed price spread; Player expected games not established; provider conventions retained without assuming 17 games,espn:4869461,,1,1,limited,,season_total,
Brenton Strange,TE,JAX,168.34,,129.6,,Source update time unknown; fetch time is not content freshness; Assumed zero for two_pt: ESPN adapter does not currently map two-point projections; Assumed zero for rush_yd: ESPN TE rushing absent; explicit zero approximation; Assumed zero for rush_td: ESPN TE rushing absent; explicit zero approximation; Assumed zero for two_pt: Source table does not publish two-point projections; explicit zero approximation; Assumed zero for rush_yd: TE rushing not supplied by this table; explicit zero approximation; Assumed zero for rush_td: TE rushing not supplied by this table; explicit zero approximation; ADP spread unavailable; engine may use an explicitly assumed price spread; Player expected games not established; provider conventions retained without assuming 17 games,espn:4430539,16.85,2,2,limited,,season_total,
Fernando Mendoza,QB,LV,168.71,,178.7,,Source update time unknown; fetch time is not content freshness; Assumed zero for two_pt: ESPN adapter does not currently map two-point projections; Assumed zero for rec: ESPN QB receiving absent; explicit zero approximation; Assumed zero for rec_yd: ESPN QB receiving absent; explicit zero approximation; Assumed zero for rec_td: ESPN QB receiving absent; explicit zero approximation; Assumed zero for two_pt: Source table does not publish two-point projections; explicit zero approximation; Assumed zero for rec: QB receiving not supplied by this table; explicit zero approximation; Assumed zero for rec_yd: QB receiving not supplied by this table; explicit zero approximation; Assumed zero for rec_td: QB receiving not supplied by this table; explicit zero approximation; ADP spread unavailable; engine may use an explicitly assumed price spread; Player expected games not established; provider conventions retained without assuming 17 games,espn:4837248,6.650000000000006,2,2,limited,,season_total,
Bryce Young,QB,CAR,168.79,,247.3,,Source update time unknown; fetch time is not content freshness; Assumed zero for two_pt: ESPN adapter does not currently map two-point projections; Assumed zero for rec: ESPN QB receiving absent; explicit zero approximation; Assumed zero for rec_yd: ESPN QB receiving absent; explicit zero approximation; Assumed zero for rec_td: ESPN QB receiving absent; explicit zero approximation; Assumed zero for two_pt: Source table does not publish two-point projections; explicit zero approximation; Assumed zero for rec: QB receiving not supplied by this table; explicit zero approximation; Assumed zero for rec_yd: QB receiving not supplied by this table; explicit zero approximation; Assumed zero for rec_td: QB receiving not supplied by this table; explicit zero approximation; ADP spread unavailable; engine may use an explicitly assumed price spread; Player expected games not established; provider conventions retained without assuming 17 games,espn:4685720,12.099999999999994,2,2,limited,,season_total,
Jerry Jeudy,WR,CLE,168.85,,138.4,,Source update time unknown; fetch time is not content freshness; Assumed zero for two_pt: Source table does not publish two-point projections; explicit zero approximation; ADP spread unavailable; engine may use an explicitly assumed price spread; Player expected games not established; provider conventions retained without assuming 17 games,espn:4241463,,1,1,limited,,season_total,
Dalton Schultz,TE,HOU,168.85,,115.7,,Source update time unknown; fetch time is not content freshness; Assumed zero for two_pt: ESPN adapter does not currently map two-point projections; Assumed zero for rush_yd: ESPN TE rushing absent; explicit zero approximation; Assumed zero for rush_td: ESPN TE rushing absent; explicit zero approximation; Assumed zero for two_pt: Source table does not publish two-point projections; explicit zero approximation; Assumed zero for rush_yd: TE rushing not supplied by this table; explicit zero approximation; Assumed zero for rush_td: TE rushing not supplied by this table; explicit zero approximation; ADP spread unavailable; engine may use an explicitly assumed price spread; Player expected games not established; provider conventions retained without assuming 17 games,espn:3117256,12.949999999999996,2,2,limited,,season_total,
Cairo Santos,K,CHI,168.96,,134.0,,Source update time unknown; fetch time is not content freshness; K/DEF scoring uses aggregate approximations; verify league distance/bucket rules; ADP spread unavailable; engine may use an explicitly assumed price spread; Player expected games not established; provider conventions retained without assuming 17 games,espn:17427,,1,1,limited,,season_total,
Vikings D/ST,DEF,MIN,168.96,,91.1,,Source update time unknown; fetch time is not content freshness; K/DEF scoring uses aggregate approximations; verify league distance/bucket rules; ADP spread unavailable; engine may use an explicitly assumed price spread; Player expected games not established; provider conventions retained without assuming 17 games,espn:-16016,,1,1,limited,,season_total,
Bills D/ST,DEF,BUF,169.02,,92.5,,Source update time unknown; fetch time is not content freshness; K/DEF scoring uses aggregate approximations; verify league distance/bucket rules; ADP spread unavailable; engine may use an explicitly assumed price spread; Player expected games not established; provider conventions retained without assuming 17 games,espn:-16002,,1,1,limited,,season_total,
Ja'Kobi Lane,WR,BAL,169.05,,129.0,,Source update time unknown; fetch time is not content freshness; Assumed zero for two_pt: Source table does not publish two-point projections; explicit zero approximation; ADP spread unavailable; engine may use an explicitly assumed price spread; Player expected games not established; provider conventions retained without assuming 17 games,espn:4870847,,1,1,limited,,season_total,
49ers D/ST,DEF,SF,169.08,,92.4,,Source update time unknown; fetch time is not content freshness; K/DEF scoring uses aggregate approximations; verify league distance/bucket rules; ADP spread unavailable; engine may use an explicitly assumed price spread; Player expected games not established; provider conventions retained without assuming 17 games,espn:-16025,,1,1,limited,,season_total,
Jake Elliott,K,PHI,169.11,,126.5,,Source update time unknown; fetch time is not content freshness; K/DEF scoring uses aggregate approximations; verify league distance/bucket rules; ADP spread unavailable; engine may use an explicitly assumed price spread; Player expected games not established; provider conventions retained without assuming 17 games,espn:3050478,,1,1,limited,,season_total,
Aaron Rodgers,QB,PIT,169.12,,210.7,,Source update time unknown; fetch time is not content freshness; Assumed zero for two_pt: ESPN adapter does not currently map two-point projections; Assumed zero for rec: ESPN QB receiving absent; explicit zero approximation; Assumed zero for rec_yd: ESPN QB receiving absent; explicit zero approximation; Assumed zero for rec_td: ESPN QB receiving absent; explicit zero approximation; Assumed zero for two_pt: Source table does not publish two-point projections; explicit zero approximation; Assumed zero for rec: QB receiving not supplied by this table; explicit zero approximation; Assumed zero for rec_yd: QB receiving not supplied by this table; explicit zero approximation; Assumed zero for rec_td: QB receiving not supplied by this table; explicit zero approximation; ADP spread unavailable; engine may use an explicitly assumed price spread; Player expected games not established; provider conventions retained without assuming 17 games,espn:8439,6.700000000000003,2,2,limited,,season_total,
Denzel Boston,WR,CLE,169.14,,130.7,,Source update time unknown; fetch time is not content freshness; Assumed zero for two_pt: Source table does not publish two-point projections; explicit zero approximation; ADP spread unavailable; engine may use an explicitly assumed price spread; Player expected games not established; provider conventions retained without assuming 17 games,espn:4832800,,1,1,limited,,season_total,
Cam Ward,QB,TEN,169.18,,224.5,,Source update time unknown; fetch time is not content freshness; Assumed zero for two_pt: ESPN adapter does not currently map two-point projections; Assumed zero for rec: ESPN QB receiving absent; explicit zero approximation; Assumed zero for rec_yd: ESPN QB receiving absent; explicit zero approximation; Assumed zero for rec_td: ESPN QB receiving absent; explicit zero approximation; Assumed zero for two_pt: Source table does not publish two-point projections; explicit zero approximation; Assumed zero for rec: QB receiving not supplied by this table; explicit zero approximation; Assumed zero for rec_yd: QB receiving not supplied by this table; explicit zero approximation; Assumed zero for rec_td: QB receiving not supplied by this table; explicit zero approximation; ADP spread unavailable; engine may use an explicitly assumed price spread; Player expected games not established; provider conventions retained without assuming 17 games,espn:4688380,5.800000000000011,2,2,limited,,season_total,
Evan McPherson,K,CIN,169.28,,132.2,,Source update time unknown; fetch time is not content freshness; K/DEF scoring uses aggregate approximations; verify league distance/bucket rules; ADP spread unavailable; engine may use an explicitly assumed price spread; Player expected games not established; provider conventions retained without assuming 17 games,espn:4360234,,1,1,limited,,season_total,
Cooper Kupp,WR,SEA,169.36,,120.2,,Source update time unknown; fetch time is not content freshness; Assumed zero for two_pt: Source table does not publish two-point projections; explicit zero approximation; ADP spread unavailable; engine may use an explicitly assumed price spread; Player expected games not established; provider conventions retained without assuming 17 games,espn:2977187,,1,1,limited,,season_total,
Keaton Mitchell,RB,LAC,169.42,,76.7,,Source update time unknown; fetch time is not content freshness; Assumed zero for two_pt: ESPN adapter does not currently map two-point projections; Assumed zero for two_pt: Source table does not publish two-point projections; explicit zero approximation; ADP spread unavailable; engine may use an explicitly assumed price spread; Player expected games not established; provider conventions retained without assuming 17 games,espn:4596334,6.5,2,2,limited,,season_total,
Bears D/ST,DEF,CHI,169.48,,97.6,,Source update time unknown; fetch time is not content freshness; K/DEF scoring uses aggregate approximations; verify league distance/bucket rules; ADP spread unavailable; engine may use an explicitly assumed price spread; Player expected games not established; provider conventions retained without assuming 17 games,espn:-16003,,1,1,limited,,season_total,
Tre Tucker,WR,LV,169.5,,117.0,,Source update time unknown; fetch time is not content freshness; Assumed zero for two_pt: ESPN adapter does not currently map two-point projections; Assumed zero for two_pt: Source table does not publish two-point projections; explicit zero approximation; ADP spread unavailable; engine may use an explicitly assumed price spread; Player expected games not established; provider conventions retained without assuming 17 games,espn:4428718,4.75,2,2,limited,,season_total,
Dylan Sampson,RB,CLE,169.56,,92.2,,Source update time unknown; fetch time is not content freshness; Assumed zero for two_pt: ESPN adapter does not currently map two-point projections; Assumed zero for two_pt: Source table does not publish two-point projections; explicit zero approximation; ADP spread unavailable; engine may use an explicitly assumed price spread; Player expected games not established; provider conventions retained without assuming 17 games,espn:5081397,19.85,2,2,limited,,season_total,
Calvin Ridley,WR,TEN,169.56,,124.7,,Source update time unknown; fetch time is not content freshness; Assumed zero for two_pt: ESPN adapter does not currently map two-point projections; Assumed zero for two_pt: Source table does not publish two-point projections; explicit zero approximation; ADP spread unavailable; engine may use an explicitly assumed price spread; Player expected games not established; provider conventions retained without assuming 17 games,espn:3925357,11.200000000000003,2,2,limited,,season_total,
Wil Lutz,K,DEN,169.56,,126.2,,Source update time unknown; fetch time is not content freshness; K/DEF scoring uses aggregate approximations; verify league distance/bucket rules; ADP spread unavailable; engine may use an explicitly assumed price spread; Player expected games not established; provider conventions retained without assuming 17 games,espn:2985659,,1,1,limited,,season_total,
Tyler Bass,K,BUF,169.56,,128.1,,Source update time unknown; fetch time is not content freshness; K/DEF scoring uses aggregate approximations; verify league distance/bucket rules; ADP spread unavailable; engine may use an explicitly assumed price spread; Player expected games not established; provider conventions retained without assuming 17 games,espn:3917232,,1,1,limited,,season_total,
Packers D/ST,DEF,GB,169.59,,92.0,,Source update time unknown; fetch time is not content freshness; K/DEF scoring uses aggregate approximations; verify league distance/bucket rules; ADP spread unavailable; engine may use an explicitly assumed price spread; Player expected games not established; provider conventions retained without assuming 17 games,espn:-16009,,1,1,limited,,season_total,
Matt Gay,K,LV,169.59,,115.4,,Source update time unknown; fetch time is not content freshness; K/DEF scoring uses aggregate approximations; verify league distance/bucket rules; ADP spread unavailable; engine may use an explicitly assumed price spread; Player expected games not established; provider conventions retained without assuming 17 games,espn:4249087,,1,1,limited,,season_total,
Justice Hill,RB,BAL,169.65,,98.8,,Source update time unknown; fetch time is not content freshness; Assumed zero for two_pt: ESPN adapter does not currently map two-point projections; Assumed zero for two_pt: Source table does not publish two-point projections; explicit zero approximation; ADP spread unavailable; engine may use an explicitly assumed price spread; Player expected games not established; provider conventions retained without assuming 17 games,espn:4038441,1.4500000000000028,2,2,limited,,season_total,
Pat Freiermuth,TE,PIT,169.68,,105.0,,Source update time unknown; fetch time is not content freshness; Assumed zero for two_pt: ESPN adapter does not currently map two-point projections; Assumed zero for rush_yd: ESPN TE rushing absent; explicit zero approximation; Assumed zero for rush_td: ESPN TE rushing absent; explicit zero approximation; Assumed zero for two_pt: Source table does not publish two-point projections; explicit zero approximation; Assumed zero for rush_yd: TE rushing not supplied by this table; explicit zero approximation; Assumed zero for rush_td: TE rushing not supplied by this table; explicit zero approximation; ADP spread unavailable; engine may use an explicitly assumed price spread; Player expected games not established; provider conventions retained without assuming 17 games,espn:4361411,1.0499999999999972,2,2,limited,,season_total,
Dolphins D/ST,DEF,MIA,169.68,,87.3,,Source update time unknown; fetch time is not content freshness; K/DEF scoring uses aggregate approximations; verify league distance/bucket rules; ADP spread unavailable; engine may use an explicitly assumed price spread; Player expected games not established; provider conventions retained without assuming 17 games,espn:-16015,,1,1,limited,,season_total,
KaVontae Turpin,WR,DAL,169.71,,54.0,,Source update time unknown; fetch time is not content freshness; Assumed zero for two_pt: ESPN adapter does not currently map two-point projections; ADP spread unavailable; engine may use an explicitly assumed price spread; Player expected games not established; provider conventions retained without assuming 17 games,espn:3676833,,1,1,limited,,season_total,
Giants D/ST,DEF,NYG,169.72,,90.7,,Source update time unknown; fetch time is not content freshness; K/DEF scoring uses aggregate approximations; verify league distance/bucket rules; ADP spread unavailable; engine may use an explicitly assumed price spread; Player expected games not established; provider conventions retained without assuming 17 games,espn:-16019,,1,1,limited,,season_total,
David Njoku,TE,LAC,169.73,,90.8,,Source update time unknown; fetch time is not content freshness; Assumed zero for two_pt: ESPN adapter does not currently map two-point projections; Assumed zero for rush_yd: ESPN TE rushing absent; explicit zero approximation; Assumed zero for rush_td: ESPN TE rushing absent; explicit zero approximation; Assumed zero for two_pt: Source table does not publish two-point projections; explicit zero approximation; Assumed zero for rush_yd: TE rushing not supplied by this table; explicit zero approximation; Assumed zero for rush_td: TE rushing not supplied by this table; explicit zero approximation; ADP spread unavailable; engine may use an explicitly assumed price spread; Player expected games not established; provider conventions retained without assuming 17 games,espn:3123076,6.549999999999997,2,2,limited,,season_total,
Cole Kmet,TE,CHI,169.74,,44.3,,Source update time unknown; fetch time is not content freshness; Assumed zero for two_pt: ESPN adapter does not currently map two-point projections; Assumed zero for rush_yd: ESPN TE rushing absent; explicit zero approximation; Assumed zero for rush_td: ESPN TE rushing absent; explicit zero approximation; Assumed zero for two_pt: Source table does not publish two-point projections; explicit zero approximation; Assumed zero for rush_yd: TE rushing not supplied by this table; explicit zero approximation; Assumed zero for rush_td: TE rushing not supplied by this table; explicit zero approximation; ADP spread unavailable; engine may use an explicitly assumed price spread; Player expected games not established; provider conventions retained without assuming 17 games,espn:4258595,1.5999999999999979,2,2,limited,,season_total,
Tank Bigsby,RB,PHI,169.76,,80.2,,Source update time unknown; fetch time is not content freshness; Assumed zero for two_pt: ESPN adapter does not currently map two-point projections; Assumed zero for two_pt: Source table does not publish two-point projections; explicit zero approximation; ADP spread unavailable; engine may use an explicitly assumed price spread; Player expected games not established; provider conventions retained without assuming 17 games,espn:4429013,18.200000000000003,2,2,limited,,season_total,
Commanders D/ST,DEF,WAS,169.76,,97.9,,Source update time unknown; fetch time is not content freshness; K/DEF scoring uses aggregate approximations; verify league distance/bucket rules; ADP spread unavailable; engine may use an explicitly assumed price spread; Player expected games not established; provider conventions retained without assuming 17 games,espn:-16028,,1,1,limited,,season_total,
AJ Barner,TE,SEA,169.77,,101.5,,Source update time unknown; fetch time is not content freshness; Assumed zero for two_pt: ESPN adapter does not currently map two-point projections; Assumed zero for two_pt: Source table does not publish two-point projections; explicit zero approximation; Assumed zero for rush_yd: TE rushing not supplied by this table; explicit zero approximation; Assumed zero for rush_td: TE rushing not supplied by this table; explicit zero approximation; ADP spread unavailable; engine may use an explicitly assumed price spread; Player expected games not established; provider conventions retained without assuming 17 games,espn:4576297,10.450000000000003,2,2,limited,,season_total,
Bengals D/ST,DEF,CIN,169.79,,88.7,,Source update time unknown; fetch time is not content freshness; K/DEF scoring uses aggregate approximations; verify league distance/bucket rules; ADP spread unavailable; engine may use an explicitly assumed price spread; Player expected games not established; provider conventions retained without assuming 17 games,espn:-16004,,1,1,limited,,season_total,
Dawson Knox,TE,BUF,169.81,,65.4,,Source update time unknown; fetch time is not content freshness; Assumed zero for two_pt: ESPN adapter does not currently map two-point projections; Assumed zero for rush_yd: ESPN TE rushing absent; explicit zero approximation; Assumed zero for rush_td: ESPN TE rushing absent; explicit zero approximation; Assumed zero for two_pt: Source table does not publish two-point projections; explicit zero approximation; Assumed zero for rush_yd: TE rushing not supplied by this table; explicit zero approximation; Assumed zero for rush_td: TE rushing not supplied by this table; explicit zero approximation; ADP spread unavailable; engine may use an explicitly assumed price spread; Player expected games not established; provider conventions retained without assuming 17 games,espn:3930086,10.100000000000001,2,2,limited,,season_total,
Ryan Fitzgerald,K,CAR,169.81,,114.8,,Source update time unknown; fetch time is not content freshness; K/DEF scoring uses aggregate approximations; verify league distance/bucket rules; ADP spread unavailable; engine may use an explicitly assumed price spread; Player expected games not established; provider conventions retained without assuming 17 games,espn:4568263,,1,1,limited,,season_total,
Joey Slye,K,TEN,169.82,,114.0,,Source update time unknown; fetch time is not content freshness; K/DEF scoring uses aggregate approximations; verify league distance/bucket rules; ADP spread unavailable; engine may use an explicitly assumed price spread; Player expected games not established; provider conventions retained without assuming 17 games,espn:3124084,,1,1,limited,,season_total,
Dominic Zvada,K,NYG,169.83,,123.4,,Source update time unknown; fetch time is not content freshness; K/DEF scoring uses aggregate approximations; verify league distance/bucket rules; ADP spread unavailable; engine may use an explicitly assumed price spread; Player expected games not established; provider conventions retained without assuming 17 games,espn:5082424,,1,1,limited,,season_total,
Panthers D/ST,DEF,CAR,169.83,,81.8,,Source update time unknown; fetch time is not content freshness; K/DEF scoring uses aggregate approximations; verify league distance/bucket rules; ADP spread unavailable; engine may use an explicitly assumed price spread; Player expected games not established; provider conventions retained without assuming 17 games,espn:-16029,,1,1,limited,,season_total,
Chimere Dike,WR,TEN,169.83,,65.2,,Source update time unknown; fetch time is not content freshness; Assumed zero for two_pt: ESPN adapter does not currently map two-point projections; Assumed zero for two_pt: Source table does not publish two-point projections; explicit zero approximation; ADP spread unavailable; engine may use an explicitly assumed price spread; Player expected games not established; provider conventions retained without assuming 17 games,espn:4431268,36.0,2,2,limited,,season_total,
Jacoby Brissett,QB,ARI,169.84,,221.8,,Source update time unknown; fetch time is not content freshness; Assumed zero for two_pt: ESPN adapter does not currently map two-point projections; Assumed zero for rec: ESPN QB receiving absent; explicit zero approximation; Assumed zero for rec_yd: ESPN QB receiving absent; explicit zero approximation; Assumed zero for rec_td: ESPN QB receiving absent; explicit zero approximation; Assumed zero for two_pt: Source table does not publish two-point projections; explicit zero approximation; Assumed zero for rec: QB receiving not supplied by this table; explicit zero approximation; Assumed zero for rec_yd: QB receiving not supplied by this table; explicit zero approximation; Assumed zero for rec_td: QB receiving not supplied by this table; explicit zero approximation; ADP spread unavailable; engine may use an explicitly assumed price spread; Player expected games not established; provider conventions retained without assuming 17 games,espn:2578570,25.150000000000006,2,2,limited,,season_total,
Darnell Washington,TE,PIT,169.84,,61.3,,Source update time unknown; fetch time is not content freshness; Assumed zero for two_pt: ESPN adapter does not currently map two-point projections; Assumed zero for rush_yd: ESPN TE rushing absent; explicit zero approximation; Assumed zero for rush_td: ESPN TE rushing absent; explicit zero approximation; Assumed zero for two_pt: Source table does not publish two-point projections; explicit zero approximation; Assumed zero for rush_yd: TE rushing not supplied by this table; explicit zero approximation; Assumed zero for rush_td: TE rushing not supplied by this table; explicit zero approximation; ADP spread unavailable; engine may use an explicitly assumed price spread; Player expected games not established; provider conventions retained without assuming 17 games,espn:4430802,4.5,2,2,limited,,season_total,
Raiders D/ST,DEF,LV,169.84,,87.0,,Source update time unknown; fetch time is not content freshness; K/DEF scoring uses aggregate approximations; verify league distance/bucket rules; ADP spread unavailable; engine may use an explicitly assumed price spread; Player expected games not established; provider conventions retained without assuming 17 games,espn:-16013,,1,1,limited,,season_total,
Zavion Thomas,WR,CHI,169.85,,77.9,,Source update time unknown; fetch time is not content freshness; Assumed zero for two_pt: Source table does not publish two-point projections; explicit zero approximation; ADP spread unavailable; engine may use an explicitly assumed price spread; Player expected games not established; provider conventions retained without assuming 17 games,espn:4869748,,1,1,limited,,season_total,
Cardinals D/ST,DEF,ARI,169.86,,89.7,,Source update time unknown; fetch time is not content freshness; K/DEF scoring uses aggregate approximations; verify league distance/bucket rules; ADP spread unavailable; engine may use an explicitly assumed price spread; Player expected games not established; provider conventions retained without assuming 17 games,espn:-16022,,1,1,limited,,season_total,
Tyler Higbee,TE,LAR,169.87,,62.2,,Source update time unknown; fetch time is not content freshness; Assumed zero for two_pt: ESPN adapter does not currently map two-point projections; Assumed zero for rush_yd: ESPN TE rushing absent; explicit zero approximation; Assumed zero for rush_td: ESPN TE rushing absent; explicit zero approximation; Assumed zero for two_pt: Source table does not publish two-point projections; explicit zero approximation; Assumed zero for rush_yd: TE rushing not supplied by this table; explicit zero approximation; Assumed zero for rush_td: TE rushing not supplied by this table; explicit zero approximation; ADP spread unavailable; engine may use an explicitly assumed price spread; Player expected games not established; provider conventions retained without assuming 17 games,espn:2573401,31.750000000000004,2,2,limited,,season_total,
Andre Szmyt,K,CLE,169.89,,112.0,,Source update time unknown; fetch time is not content freshness; K/DEF scoring uses aggregate approximations; verify league distance/bucket rules; ADP spread unavailable; engine may use an explicitly assumed price spread; Player expected games not established; provider conventions retained without assuming 17 games,espn:4258620,,1,1,limited,,season_total,
Emmett Johnson,RB,KC,169.9,,35.7,,Source update time unknown; fetch time is not content freshness; Assumed zero for two_pt: ESPN adapter does not currently map two-point projections; Assumed zero for two_pt: Source table does not publish two-point projections; explicit zero approximation; ADP spread unavailable; engine may use an explicitly assumed price spread; Player expected games not established; provider conventions retained without assuming 17 games,espn:4832955,13.8,2,2,limited,,season_total,
Shedeur Sanders,QB,CLE,169.9,,91.0,,Source update time unknown; fetch time is not content freshness; Assumed zero for two_pt: ESPN adapter does not currently map two-point projections; Assumed zero for rec: ESPN QB receiving absent; explicit zero approximation; Assumed zero for rec_yd: ESPN QB receiving absent; explicit zero approximation; Assumed zero for rec_td: ESPN QB receiving absent; explicit zero approximation; Assumed zero for two_pt: Source table does not publish two-point projections; explicit zero approximation; Assumed zero for rec: QB receiving not supplied by this table; explicit zero approximation; Assumed zero for rec_yd: QB receiving not supplied by this table; explicit zero approximation; Assumed zero for rec_td: QB receiving not supplied by this table; explicit zero approximation; ADP spread unavailable; engine may use an explicitly assumed price spread; Player expected games not established; provider conventions retained without assuming 17 games,espn:4432762,49.900000000000006,2,2,limited,,season_total,
J.J. McCarthy,QB,MIN,169.91,,9.7,,Source update time unknown; fetch time is not content freshness; Assumed zero for two_pt: ESPN adapter does not currently map two-point projections; Assumed zero for rec: ESPN QB receiving absent; explicit zero approximation; Assumed zero for rec_yd: ESPN QB receiving absent; explicit zero approximation; Assumed zero for rec_td: ESPN QB receiving absent; explicit zero approximation; Assumed zero for two_pt: Source table does not publish two-point projections; explicit zero approximation; Assumed zero for rec: QB receiving not supplied by this table; explicit zero approximation; Assumed zero for rec_yd: QB receiving not supplied by this table; explicit zero approximation; Assumed zero for rec_td: QB receiving not supplied by this table; explicit zero approximation; ADP spread unavailable; engine may use an explicitly assumed price spread; Player expected games not established; provider conventions retained without assuming 17 games,espn:4433970,0.25,2,2,limited,,season_total,
Noah Gray,TE,KC,169.92,,37.4,,Source update time unknown; fetch time is not content freshness; Assumed zero for two_pt: ESPN adapter does not currently map two-point projections; Assumed zero for rush_yd: ESPN TE rushing absent; explicit zero approximation; Assumed zero for rush_td: ESPN TE rushing absent; explicit zero approximation; Assumed zero for two_pt: Source table does not publish two-point projections; explicit zero approximation; Assumed zero for rush_yd: TE rushing not supplied by this table; explicit zero approximation; Assumed zero for rush_td: TE rushing not supplied by this table; explicit zero approximation; ADP spread unavailable; engine may use an explicitly assumed price spread; Player expected games not established; provider conventions retained without assuming 17 games,espn:4240472,10.1,2,2,limited,,season_total,
Brock Wright,TE,DET,169.92,,43.0,,Source update time unknown; fetch time is not content freshness; Assumed zero for two_pt: ESPN adapter does not currently map two-point projections; Assumed zero for rush_yd: ESPN TE rushing absent; explicit zero approximation; Assumed zero for rush_td: ESPN TE rushing absent; explicit zero approximation; Assumed zero for two_pt: Source table does not publish two-point projections; explicit zero approximation; Assumed zero for rush_yd: TE rushing not supplied by this table; explicit zero approximation; Assumed zero for rush_td: TE rushing not supplied by this table; explicit zero approximation; ADP spread unavailable; engine may use an explicitly assumed price spread; Player expected games not established; provider conventions retained without assuming 17 games,espn:4242392,28.299999999999997,2,2,limited,,season_total,
Luke McCaffrey,WR,WAS,169.92,,71.2,,Source update time unknown; fetch time is not content freshness; Assumed zero for two_pt: Source table does not publish two-point projections; explicit zero approximation; ADP spread unavailable; engine may use an explicitly assumed price spread; Player expected games not established; provider conventions retained without assuming 17 games,espn:4426948,,1,1,limited,,season_total,
Jalon Daniels,QB,TB,169.93,,10.1,,Source update time unknown; fetch time is not content freshness; Assumed zero for two_pt: ESPN adapter does not currently map two-point projections; Assumed zero for rec: ESPN QB receiving absent; explicit zero approximation; Assumed zero for rec_yd: ESPN QB receiving absent; explicit zero approximation; Assumed zero for rec_td: ESPN QB receiving absent; explicit zero approximation; Assumed zero for two_pt: Source table does not publish two-point projections; explicit zero approximation; Assumed zero for rec: QB receiving not supplied by this table; explicit zero approximation; Assumed zero for rec_yd: QB receiving not supplied by this table; explicit zero approximation; Assumed zero for rec_td: QB receiving not supplied by this table; explicit zero approximation; ADP spread unavailable; engine may use an explicitly assumed price spread; Player expected games not established; provider conventions retained without assuming 17 games,espn:4596472,0.25,2,2,limited,,season_total,
Chad Ryland,K,ARI,169.93,,112.1,,Source update time unknown; fetch time is not content freshness; K/DEF scoring uses aggregate approximations; verify league distance/bucket rules; ADP spread unavailable; engine may use an explicitly assumed price spread; Player expected games not established; provider conventions retained without assuming 17 games,espn:4363538,,1,1,limited,,season_total,
Luke Schoonmaker,TE,DAL,169.93,,24.4,,Source update time unknown; fetch time is not content freshness; Assumed zero for two_pt: ESPN adapter does not currently map two-point projections; Assumed zero for rush_yd: ESPN TE rushing absent; explicit zero approximation; Assumed zero for rush_td: ESPN TE rushing absent; explicit zero approximation; Assumed zero for two_pt: Source table does not publish two-point projections; explicit zero approximation; Assumed zero for rush_yd: TE rushing not supplied by this table; explicit zero approximation; Assumed zero for rush_td: TE rushing not supplied by this table; explicit zero approximation; ADP spread unavailable; engine may use an explicitly assumed price spread; Player expected games not established; provider conventions retained without assuming 17 games,espn:4372096,2.450000000000001,2,2,limited,,season_total,
Kirk Cousins,QB,LV,169.94,,41.4,,Source update time unknown; fetch time is not content freshness; Assumed zero for two_pt: ESPN adapter does not currently map two-point projections; Assumed zero for rec: ESPN QB receiving absent; explicit zero approximation; Assumed zero for rec_yd: ESPN QB receiving absent; explicit zero approximation; Assumed zero for rec_td: ESPN QB receiving absent; explicit zero approximation; Assumed zero for two_pt: Source table does not publish two-point projections; explicit zero approximation; Assumed zero for rec: QB receiving not supplied by this table; explicit zero approximation; Assumed zero for rec_yd: QB receiving not supplied by this table; explicit zero approximation; Assumed zero for rec_td: QB receiving not supplied by this table; explicit zero approximation; ADP spread unavailable; engine may use an explicitly assumed price spread; Player expected games not established; provider conventions retained without assuming 17 games,espn:14880,3.8000000000000007,2,2,limited,,season_total,
Elijah Arroyo,TE,SEA,169.94,,35.5,,Source update time unknown; fetch time is not content freshness; Assumed zero for two_pt: ESPN adapter does not currently map two-point projections; Assumed zero for rush_yd: ESPN TE rushing absent; explicit zero approximation; Assumed zero for rush_td: ESPN TE rushing absent; explicit zero approximation; Assumed zero for two_pt: Source table does not publish two-point projections; explicit zero approximation; Assumed zero for rush_yd: TE rushing not supplied by this table; explicit zero approximation; Assumed zero for rush_td: TE rushing not supplied by this table; explicit zero approximation; ADP spread unavailable; engine may use an explicitly assumed price spread; Player expected games not established; provider conventions retained without assuming 17 games,espn:4678006,12.95,2,2,limited,,season_total,
Titans D/ST,DEF,TEN,169.94,,94.3,,Source update time unknown; fetch time is not content freshness; K/DEF scoring uses aggregate approximations; verify league distance/bucket rules; ADP spread unavailable; engine may use an explicitly assumed price spread; Player expected games not established; provider conventions retained without assuming 17 games,espn:-16010,,1,1,limited,,season_total,
Elijah Higgins,TE,ARI,169.94,,35.0,,Source update time unknown; fetch time is not content freshness; Assumed zero for two_pt: ESPN adapter does not currently map two-point projections; Assumed zero for rush_yd: ESPN TE rushing absent; explicit zero approximation; Assumed zero for rush_td: ESPN TE rushing absent; explicit zero approximation; Assumed zero for two_pt: Source table does not publish two-point projections; explicit zero approximation; Assumed zero for rush_yd: TE rushing not supplied by this table; explicit zero approximation; Assumed zero for rush_td: TE rushing not supplied by this table; explicit zero approximation; ADP spread unavailable; engine may use an explicitly assumed price spread; Player expected games not established; provider conventions retained without assuming 17 games,espn:4426844,2.6000000000000014,2,2,limited,,season_total,
Christian Kirk,WR,SF,169.94,,87.5,,Source update time unknown; fetch time is not content freshness; Assumed zero for two_pt: Source table does not publish two-point projections; explicit zero approximation; ADP spread unavailable; engine may use an explicitly assumed price spread; Player expected games not established; provider conventions retained without assuming 17 games,espn:3895856,,1,1,limited,,season_total,
Ja'Tavion Sanders,TE,CAR,169.95,,35.0,,Source update time unknown; fetch time is not content freshness; Assumed zero for two_pt: ESPN adapter does not currently map two-point projections; Assumed zero for rush_yd: ESPN TE rushing absent; explicit zero approximation; Assumed zero for rush_td: ESPN TE rushing absent; explicit zero approximation; Assumed zero for two_pt: Source table does not publish two-point projections; explicit zero approximation; Assumed zero for rush_yd: TE rushing not supplied by this table; explicit zero approximation; Assumed zero for rush_td: TE rushing not supplied by this table; explicit zero approximation; ADP spread unavailable; engine may use an explicitly assumed price spread; Player expected games not established; provider conventions retained without assuming 17 games,espn:4431588,2.650000000000002,2,2,limited,,season_total,
Riley Patterson,K,MIA,169.95,,117.4,,Source update time unknown; fetch time is not content freshness; K/DEF scoring uses aggregate approximations; verify league distance/bucket rules; ADP spread unavailable; engine may use an explicitly assumed price spread; Player expected games not established; provider conventions retained without assuming 17 games,espn:4243371,,1,1,limited,,season_total,
Ashton Dulin,WR,IND,169.95,,55.5,,Source update time unknown; fetch time is not content freshness; Assumed zero for two_pt: ESPN adapter does not currently map two-point projections; Assumed zero for two_pt: Source table does not publish two-point projections; explicit zero approximation; ADP spread unavailable; engine may use an explicitly assumed price spread; Player expected games not established; provider conventions retained without assuming 17 games,espn:4061956,30.599999999999998,2,2,limited,,season_total,
Drew Allar,QB,PIT,169.95,,9.4,,Source update time unknown; fetch time is not content freshness; Assumed zero for two_pt: ESPN adapter does not currently map two-point projections; Assumed zero for rec: ESPN QB receiving absent; explicit zero approximation; Assumed zero for rec_yd: ESPN QB receiving absent; explicit zero approximation; Assumed zero for rec_td: ESPN QB receiving absent; explicit zero approximation; ADP spread unavailable; engine may use an explicitly assumed price spread; Player expected games not established; provider conventions retained without assuming 17 games,espn:4714771,,1,1,limited,,season_total,
Tommy DeVito,QB,NE,169.96,,11.3,,Source update time unknown; fetch time is not content freshness; Assumed zero for two_pt: ESPN adapter does not currently map two-point projections; Assumed zero for rec: ESPN QB receiving absent; explicit zero approximation; Assumed zero for rec_yd: ESPN QB receiving absent; explicit zero approximation; Assumed zero for rec_td: ESPN QB receiving absent; explicit zero approximation; Assumed zero for two_pt: Source table does not publish two-point projections; explicit zero approximation; Assumed zero for rec: QB receiving not supplied by this table; explicit zero approximation; Assumed zero for rec_yd: QB receiving not supplied by this table; explicit zero approximation; Assumed zero for rec_td: QB receiving not supplied by this table; explicit zero approximation; ADP spread unavailable; engine may use an explicitly assumed price spread; Player expected games not established; provider conventions retained without assuming 17 games,espn:4240391,1.1000000000000005,2,2,limited,,season_total,
Jonnu Smith,TE,GB,169.96,,44.8,,Source update time unknown; fetch time is not content freshness; Assumed zero for two_pt: ESPN adapter does not currently map two-point projections; Assumed zero for two_pt: Source table does not publish two-point projections; explicit zero approximation; Assumed zero for rush_yd: TE rushing not supplied by this table; explicit zero approximation; Assumed zero for rush_td: TE rushing not supplied by this table; explicit zero approximation; ADP spread unavailable; engine may use an explicitly assumed price spread; Player expected games not established; provider conventions retained without assuming 17 games,espn:3054212,12.45,2,2,limited,,season_total,
Josh Oliver,TE,MIN,169.96,,44.8,,Source update time unknown; fetch time is not content freshness; Assumed zero for two_pt: ESPN adapter does not currently map two-point projections; Assumed zero for rush_yd: ESPN TE rushing absent; explicit zero approximation; Assumed zero for rush_td: ESPN TE rushing absent; explicit zero approximation; Assumed zero for two_pt: Source table does not publish two-point projections; explicit zero approximation; Assumed zero for rush_yd: TE rushing not supplied by this table; explicit zero approximation; Assumed zero for rush_td: TE rushing not supplied by this table; explicit zero approximation; ADP spread unavailable; engine may use an explicitly assumed price spread; Player expected games not established; provider conventions retained without assuming 17 games,espn:3921690,14.649999999999999,2,2,limited,,season_total,
Kyle Allen,QB,BUF,169.96,,8.0,,Source update time unknown; fetch time is not content freshness; Assumed zero for two_pt: ESPN adapter does not currently map two-point projections; Assumed zero for rec: ESPN QB receiving absent; explicit zero approximation; Assumed zero for rec_yd: ESPN QB receiving absent; explicit zero approximation; Assumed zero for rec_td: ESPN QB receiving absent; explicit zero approximation; Assumed zero for two_pt: Source table does not publish two-point projections; explicit zero approximation; Assumed zero for rec: QB receiving not supplied by this table; explicit zero approximation; Assumed zero for rec_yd: QB receiving not supplied by this table; explicit zero approximation; Assumed zero for rec_td: QB receiving not supplied by this table; explicit zero approximation; ADP spread unavailable; engine may use an explicitly assumed price spread; Player expected games not established; provider conventions retained without assuming 17 games,espn:3115293,0.04999999999999982,2,2,limited,,season_total,
Malik Washington,WR,MIA,169.97,,88.5,,Source update time unknown; fetch time is not content freshness; Assumed zero for two_pt: ESPN adapter does not currently map two-point projections; Assumed zero for two_pt: Source table does not publish two-point projections; explicit zero approximation; ADP spread unavailable; engine may use an explicitly assumed price spread; Player expected games not established; provider conventions retained without assuming 17 games,espn:4569603,0.25,2,2,limited,,season_total,
Justin Fields,QB,KC,169.97,,10.2,,Source update time unknown; fetch time is not content freshness; Assumed zero for two_pt: ESPN adapter does not currently map two-point projections; Assumed zero for rec: ESPN QB receiving absent; explicit zero approximation; Assumed zero for rec_yd: ESPN QB receiving absent; explicit zero approximation; Assumed zero for rec_td: ESPN QB receiving absent; explicit zero approximation; Assumed zero for two_pt: Source table does not publish two-point projections; explicit zero approximation; Assumed zero for rec: QB receiving not supplied by this table; explicit zero approximation; Assumed zero for rec_yd: QB receiving not supplied by this table; explicit zero approximation; Assumed zero for rec_td: QB receiving not supplied by this table; explicit zero approximation; ADP spread unavailable; engine may use an explicitly assumed price spread; Player expected games not established; provider conventions retained without assuming 17 games,espn:4362887,0.25,2,2,limited,,season_total,
Joe Flacco,QB,CIN,169.97,,9.5,,Source update time unknown; fetch time is not content freshness; Assumed zero for two_pt: ESPN adapter does not currently map two-point projections; Assumed zero for rec: ESPN QB receiving absent; explicit zero approximation; Assumed zero for rec_yd: ESPN QB receiving absent; explicit zero approximation; Assumed zero for rec_td: ESPN QB receiving absent; explicit zero approximation; Assumed zero for two_pt: Source table does not publish two-point projections; explicit zero approximation; Assumed zero for rec: QB receiving not supplied by this table; explicit zero approximation; Assumed zero for rec_yd: QB receiving not supplied by this table; explicit zero approximation; Assumed zero for rec_td: QB receiving not supplied by this table; explicit zero approximation; ADP spread unavailable; engine may use an explicitly assumed price spread; Player expected games not established; provider conventions retained without assuming 17 games,espn:11252,0.9000000000000004,2,2,limited,,season_total,
Jameis Winston,QB,NYG,169.97,,8.2,,Source update time unknown; fetch time is not content freshness; Assumed zero for two_pt: ESPN adapter does not currently map two-point projections; Assumed zero for rec: ESPN QB receiving absent; explicit zero approximation; Assumed zero for rec_yd: ESPN QB receiving absent; explicit zero approximation; Assumed zero for rec_td: ESPN QB receiving absent; explicit zero approximation; Assumed zero for two_pt: Source table does not publish two-point projections; explicit zero approximation; Assumed zero for rec: QB receiving not supplied by this table; explicit zero approximation; Assumed zero for rec_yd: QB receiving not supplied by this table; explicit zero approximation; Assumed zero for rec_td: QB receiving not supplied by this table; explicit zero approximation; ADP spread unavailable; engine may use an explicitly assumed price spread; Player expected games not established; provider conventions retained without assuming 17 games,espn:2969939,0.2999999999999998,2,2,limited,,season_total,
Sam Howell,QB,DAL,169.97,,9.4,,Source update time unknown; fetch time is not content freshness; Assumed zero for two_pt: ESPN adapter does not currently map two-point projections; Assumed zero for rec: ESPN QB receiving absent; explicit zero approximation; Assumed zero for rec_yd: ESPN QB receiving absent; explicit zero approximation; Assumed zero for rec_td: ESPN QB receiving absent; explicit zero approximation; ADP spread unavailable; engine may use an explicitly assumed price spread; Player expected games not established; provider conventions retained without assuming 17 games,espn:4426875,,1,1,limited,,season_total,
Drew Stevens,K,WAS,169.97,,123.8,,Source update time unknown; fetch time is not content freshness; K/DEF scoring uses aggregate approximations; verify league distance/bucket rules; ADP spread unavailable; engine may use an explicitly assumed price spread; Player expected games not established; provider conventions retained without assuming 17 games,espn:5081335,,1,1,limited,,season_total,
Blake Grupe,K,NYJ,169.97,,110.7,,Source update time unknown; fetch time is not content freshness; K/DEF scoring uses aggregate approximations; verify league distance/bucket rules; ADP spread unavailable; engine may use an explicitly assumed price spread; Player expected games not established; provider conventions retained without assuming 17 games,espn:4259619,,1,1,limited,,season_total,
Kyle Juszczyk,RB,SF,169.97,,42.9,,Source update time unknown; fetch time is not content freshness; Assumed zero for two_pt: ESPN adapter does not currently map two-point projections; Assumed zero for two_pt: Source table does not publish two-point projections; explicit zero approximation; ADP spread unavailable; engine may use an explicitly assumed price spread; Player expected games not established; provider conventions retained without assuming 17 games,espn:16002,8.5,2,2,limited,,season_total,
Tommy Tremble,TE,CAR,169.97,,39.0,,Source update time unknown; fetch time is not content freshness; Assumed zero for two_pt: ESPN adapter does not currently map two-point projections; Assumed zero for rush_yd: ESPN TE rushing absent; explicit zero approximation; Assumed zero for rush_td: ESPN TE rushing absent; explicit zero approximation; Assumed zero for two_pt: Source table does not publish two-point projections; explicit zero approximation; Assumed zero for rush_yd: TE rushing not supplied by this table; explicit zero approximation; Assumed zero for rush_td: TE rushing not supplied by this table; explicit zero approximation; ADP spread unavailable; engine may use an explicitly assumed price spread; Player expected games not established; provider conventions retained without assuming 17 games,espn:4372780,4.75,2,2,limited,,season_total,
Adam Trautman,TE,DEN,169.97,,42.1,,Source update time unknown; fetch time is not content freshness; Assumed zero for two_pt: ESPN adapter does not currently map two-point projections; Assumed zero for rush_yd: ESPN TE rushing absent; explicit zero approximation; Assumed zero for rush_td: ESPN TE rushing absent; explicit zero approximation; Assumed zero for two_pt: Source table does not publish two-point projections; explicit zero approximation; Assumed zero for rush_yd: TE rushing not supplied by this table; explicit zero approximation; Assumed zero for rush_td: TE rushing not supplied by this table; explicit zero approximation; ADP spread unavailable; engine may use an explicitly assumed price spread; Player expected games not established; provider conventions retained without assuming 17 games,espn:3911853,11.600000000000001,2,2,limited,,season_total,
Mo Alie-Cox,TE,IND,169.97,,22.1,,Source update time unknown; fetch time is not content freshness; Assumed zero for two_pt: ESPN adapter does not currently map two-point projections; Assumed zero for rush_yd: ESPN TE rushing absent; explicit zero approximation; Assumed zero for rush_td: ESPN TE rushing absent; explicit zero approximation; ADP spread unavailable; engine may use an explicitly assumed price spread; Player expected games not established; provider conventions retained without assuming 17 games,espn:2998565,,1,1,limited,,season_total,
Jackson Hawes,TE,BUF,169.97,,25.4,,Source update time unknown; fetch time is not content freshness; Assumed zero for two_pt: ESPN adapter does not currently map two-point projections; Assumed zero for rush_yd: ESPN TE rushing absent; explicit zero approximation; Assumed zero for rush_td: ESPN TE rushing absent; explicit zero approximation; Assumed zero for two_pt: Source table does not publish two-point projections; explicit zero approximation; Assumed zero for rush_yd: TE rushing not supplied by this table; explicit zero approximation; Assumed zero for rush_td: TE rushing not supplied by this table; explicit zero approximation; ADP spread unavailable; engine may use an explicitly assumed price spread; Player expected games not established; provider conventions retained without assuming 17 games,espn:4573699,3.5999999999999996,2,2,limited,,season_total,
Jordan Whittington,WR,LAR,169.97,,17.6,,Source update time unknown; fetch time is not content freshness; Assumed zero for two_pt: ESPN adapter does not currently map two-point projections; ADP spread unavailable; engine may use an explicitly assumed price spread; Player expected games not established; provider conventions retained without assuming 17 games,espn:4569382,,1,1,limited,,season_total,
Demarcus Robinson,WR,SF,169.97,,81.0,,Source update time unknown; fetch time is not content freshness; Assumed zero for two_pt: Source table does not publish two-point projections; explicit zero approximation; ADP spread unavailable; engine may use an explicitly assumed price spread; Player expected games not established; provider conventions retained without assuming 17 games,espn:3043116,,1,1,limited,,season_total,
Kenny Pickett,QB,CAR,169.97,,9.3,,Source update time unknown; fetch time is not content freshness; Assumed zero for two_pt: ESPN adapter does not currently map two-point projections; Assumed zero for rec: ESPN QB receiving absent; explicit zero approximation; Assumed zero for rec_yd: ESPN QB receiving absent; explicit zero approximation; Assumed zero for rec_td: ESPN QB receiving absent; explicit zero approximation; Assumed zero for two_pt: Source table does not publish two-point projections; explicit zero approximation; Assumed zero for rec: QB receiving not supplied by this table; explicit zero approximation; Assumed zero for rec_yd: QB receiving not supplied by this table; explicit zero approximation; Assumed zero for rec_td: QB receiving not supplied by this table; explicit zero approximation; ADP spread unavailable; engine may use an explicitly assumed price spread; Player expected games not established; provider conventions retained without assuming 17 games,espn:4240703,0.2999999999999998,2,2,limited,,season_total,
Jahdae Walker,WR,CHI,169.97,,89.7,,Source update time unknown; fetch time is not content freshness; Assumed zero for two_pt: Source table does not publish two-point projections; explicit zero approximation; ADP spread unavailable; engine may use an explicitly assumed price spread; Player expected games not established; provider conventions retained without assuming 17 games,espn:5160110,,1,1,limited,,season_total,
Joshua Dobbs,QB,DET,169.97,,10.3,,Source update time unknown; fetch time is not content freshness; Assumed zero for two_pt: ESPN adapter does not currently map two-point projections; Assumed zero for rec: ESPN QB receiving absent; explicit zero approximation; Assumed zero for rec_yd: ESPN QB receiving absent; explicit zero approximation; Assumed zero for rec_td: ESPN QB receiving absent; explicit zero approximation; Assumed zero for two_pt: Source table does not publish two-point projections; explicit zero approximation; Assumed zero for rec: QB receiving not supplied by this table; explicit zero approximation; Assumed zero for rec_yd: QB receiving not supplied by this table; explicit zero approximation; Assumed zero for rec_td: QB receiving not supplied by this table; explicit zero approximation; ADP spread unavailable; engine may use an explicitly assumed price spread; Player expected games not established; provider conventions retained without assuming 17 games,espn:3044720,1.75,2,2,limited,,season_total,
Drew Lock,QB,SEA,169.97,,9.2,,Source update time unknown; fetch time is not content freshness; Assumed zero for two_pt: ESPN adapter does not currently map two-point projections; Assumed zero for rec: ESPN QB receiving absent; explicit zero approximation; Assumed zero for rec_yd: ESPN QB receiving absent; explicit zero approximation; Assumed zero for rec_td: ESPN QB receiving absent; explicit zero approximation; Assumed zero for two_pt: Source table does not publish two-point projections; explicit zero approximation; Assumed zero for rec: QB receiving not supplied by this table; explicit zero approximation; Assumed zero for rec_yd: QB receiving not supplied by this table; explicit zero approximation; Assumed zero for rec_td: QB receiving not supplied by this table; explicit zero approximation; ADP spread unavailable; engine may use an explicitly assumed price spread; Player expected games not established; provider conventions retained without assuming 17 games,espn:3924327,1.2999999999999998,2,2,limited,,season_total,
Gardner Minshew II,QB,ARI,169.97,,7.1,,Source update time unknown; fetch time is not content freshness; Assumed zero for two_pt: ESPN adapter does not currently map two-point projections; Assumed zero for rec: ESPN QB receiving absent; explicit zero approximation; Assumed zero for rec_yd: ESPN QB receiving absent; explicit zero approximation; Assumed zero for rec_td: ESPN QB receiving absent; explicit zero approximation; ADP spread unavailable; engine may use an explicitly assumed price spread; Player expected games not established; provider conventions retained without assuming 17 games,espn:4038524,,1,1,limited,,season_total,
Roschon Johnson,RB,CHI,169.97,,32.9,,Source update time unknown; fetch time is not content freshness; Assumed zero for two_pt: Source table does not publish two-point projections; explicit zero approximation; ADP spread unavailable; engine may use an explicitly assumed price spread; Player expected games not established; provider conventions retained without assuming 17 games,espn:4426386,,1,1,limited,,season_total,
Eli Stowers,TE,PHI,169.98,,40.6,,Source update time unknown; fetch time is not content freshness; Assumed zero for two_pt: ESPN adapter does not currently map two-point projections; Assumed zero for two_pt: Source table does not publish two-point projections; explicit zero approximation; Assumed zero for rush_yd: TE rushing not supplied by this table; explicit zero approximation; Assumed zero for rush_td: TE rushing not supplied by this table; explicit zero approximation; ADP spread unavailable; engine may use an explicitly assumed price spread; Player expected games not established; provider conventions retained without assuming 17 games,espn:4431574,17.15,2,2,limited,,season_total,
Drew Sample,TE,CIN,169.98,,30.0,,Source update time unknown; fetch time is not content freshness; Assumed zero for two_pt: ESPN adapter does not currently map two-point projections; Assumed zero for rush_yd: ESPN TE rushing absent; explicit zero approximation; Assumed zero for rush_td: ESPN TE rushing absent; explicit zero approximation; Assumed zero for two_pt: Source table does not publish two-point projections; explicit zero approximation; Assumed zero for rush_yd: TE rushing not supplied by this table; explicit zero approximation; Assumed zero for rush_td: TE rushing not supplied by this table; explicit zero approximation; ADP spread unavailable; engine may use an explicitly assumed price spread; Player expected games not established; provider conventions retained without assuming 17 games,espn:3127310,7.5,2,2,limited,,season_total,
Eli Raridon,TE,NE,169.98,,40.9,,Source update time unknown; fetch time is not content freshness; Assumed zero for two_pt: ESPN adapter does not currently map two-point projections; Assumed zero for rush_yd: ESPN TE rushing absent; explicit zero approximation; Assumed zero for rush_td: ESPN TE rushing absent; explicit zero approximation; Assumed zero for two_pt: Source table does not publish two-point projections; explicit zero approximation; Assumed zero for rush_yd: TE rushing not supplied by this table; explicit zero approximation; Assumed zero for rush_td: TE rushing not supplied by this table; explicit zero approximation; ADP spread unavailable; engine may use an explicitly assumed price spread; Player expected games not established; provider conventions retained without assuming 17 games,espn:4831959,4.25,2,2,limited,,season_total,
Ty Simpson,QB,LAR,169.98,,22.6,,Source update time unknown; fetch time is not content freshness; Assumed zero for two_pt: ESPN adapter does not currently map two-point projections; Assumed zero for rec: ESPN QB receiving absent; explicit zero approximation; Assumed zero for rec_yd: ESPN QB receiving absent; explicit zero approximation; Assumed zero for rec_td: ESPN QB receiving absent; explicit zero approximation; Assumed zero for two_pt: Source table does not publish two-point projections; explicit zero approximation; Assumed zero for rec: QB receiving not supplied by this table; explicit zero approximation; Assumed zero for rec_yd: QB receiving not supplied by this table; explicit zero approximation; Assumed zero for rec_td: QB receiving not supplied by this table; explicit zero approximation; ADP spread unavailable; engine may use an explicitly assumed price spread; Player expected games not established; provider conventions retained without assuming 17 games,espn:4685522,12.600000000000001,2,2,limited,,season_total,
Tyson Bagent,QB,CHI,169.98,,10.8,,Source update time unknown; fetch time is not content freshness; Assumed zero for two_pt: ESPN adapter does not currently map two-point projections; Assumed zero for rec: ESPN QB receiving absent; explicit zero approximation; Assumed zero for rec_yd: ESPN QB receiving absent; explicit zero approximation; Assumed zero for rec_td: ESPN QB receiving absent; explicit zero approximation; Assumed zero for two_pt: Source table does not publish two-point projections; explicit zero approximation; Assumed zero for rec: QB receiving not supplied by this table; explicit zero approximation; Assumed zero for rec_yd: QB receiving not supplied by this table; explicit zero approximation; Assumed zero for rec_td: QB receiving not supplied by this table; explicit zero approximation; ADP spread unavailable; engine may use an explicitly assumed price spread; Player expected games not established; provider conventions retained without assuming 17 games,espn:4434153,0.8999999999999995,2,2,limited,,season_total,
Tanner McKee,QB,PHI,169.98,,10.1,,Source update time unknown; fetch time is not content freshness; Assumed zero for two_pt: ESPN adapter does not currently map two-point projections; Assumed zero for rec: ESPN QB receiving absent; explicit zero approximation; Assumed zero for rec_yd: ESPN QB receiving absent; explicit zero approximation; Assumed zero for rec_td: ESPN QB receiving absent; explicit zero approximation; Assumed zero for two_pt: Source table does not publish two-point projections; explicit zero approximation; Assumed zero for rec: QB receiving not supplied by this table; explicit zero approximation; Assumed zero for rec_yd: QB receiving not supplied by this table; explicit zero approximation; Assumed zero for rec_td: QB receiving not supplied by this table; explicit zero approximation; ADP spread unavailable; engine may use an explicitly assumed price spread; Player expected games not established; provider conventions retained without assuming 17 games,espn:4685201,0.7000000000000002,2,2,limited,,season_total,
Kalif Raymond,WR,CHI,169.98,,36.9,,Source update time unknown; fetch time is not content freshness; Assumed zero for two_pt: ESPN adapter does not currently map two-point projections; ADP spread unavailable; engine may use an explicitly assumed price spread; Player expected games not established; provider conventions retained without assuming 17 games,espn:2973405,,1,1,limited,,season_total,
Austin Hooper,TE,ATL,169.98,,37.8,,Source update time unknown; fetch time is not content freshness; Assumed zero for two_pt: ESPN adapter does not currently map two-point projections; Assumed zero for rush_yd: ESPN TE rushing absent; explicit zero approximation; Assumed zero for rush_td: ESPN TE rushing absent; explicit zero approximation; Assumed zero for two_pt: Source table does not publish two-point projections; explicit zero approximation; Assumed zero for rush_yd: TE rushing not supplied by this table; explicit zero approximation; Assumed zero for rush_td: TE rushing not supplied by this table; explicit zero approximation; ADP spread unavailable; engine may use an explicitly assumed price spread; Player expected games not established; provider conventions retained without assuming 17 games,espn:3043275,4.699999999999999,2,2,limited,,season_total,
Noah Fant,TE,NO,169.98,,50.5,,Source update time unknown; fetch time is not content freshness; Assumed zero for two_pt: ESPN adapter does not currently map two-point projections; Assumed zero for rush_yd: ESPN TE rushing absent; explicit zero approximation; Assumed zero for rush_td: ESPN TE rushing absent; explicit zero approximation; Assumed zero for two_pt: Source table does not publish two-point projections; explicit zero approximation; Assumed zero for rush_yd: TE rushing not supplied by this table; explicit zero approximation; Assumed zero for rush_td: TE rushing not supplied by this table; explicit zero approximation; ADP spread unavailable; engine may use an explicitly assumed price spread; Player expected games not established; provider conventions retained without assuming 17 games,espn:4036131,20.200000000000003,2,2,limited,,season_total,
Cade Stover,TE,HOU,169.98,,26.3,,Source update time unknown; fetch time is not content freshness; Assumed zero for two_pt: ESPN adapter does not currently map two-point projections; Assumed zero for two_pt: Source table does not publish two-point projections; explicit zero approximation; Assumed zero for rush_yd: TE rushing not supplied by this table; explicit zero approximation; Assumed zero for rush_td: TE rushing not supplied by this table; explicit zero approximation; ADP spread unavailable; engine may use an explicitly assumed price spread; Player expected games not established; provider conventions retained without assuming 17 games,espn:4426496,0.5,2,2,limited,,season_total,
Hunter Luepke,RB,DAL,169.98,,20.7,,Source update time unknown; fetch time is not content freshness; Assumed zero for two_pt: ESPN adapter does not currently map two-point projections; ADP spread unavailable; engine may use an explicitly assumed price spread; Player expected games not established; provider conventions retained without assuming 17 games,espn:4383396,,1,1,limited,,season_total,
Durham Smythe,TE,BAL,169.98,,18.2,,Source update time unknown; fetch time is not content freshness; Assumed zero for two_pt: ESPN adapter does not currently map two-point projections; Assumed zero for rush_yd: ESPN TE rushing absent; explicit zero approximation; Assumed zero for rush_td: ESPN TE rushing absent; explicit zero approximation; Assumed zero for two_pt: Source table does not publish two-point projections; explicit zero approximation; Assumed zero for rush_yd: TE rushing not supplied by this table; explicit zero approximation; Assumed zero for rush_td: TE rushing not supplied by this table; explicit zero approximation; ADP spread unavailable; engine may use an explicitly assumed price spread; Player expected games not established; provider conventions retained without assuming 17 games,espn:3052897,0.3500000000000014,2,2,limited,,season_total,
Tez Johnson,WR,TB,169.98,,18.1,,Source update time unknown; fetch time is not content freshness; Assumed zero for two_pt: ESPN adapter does not currently map two-point projections; ADP spread unavailable; engine may use an explicitly assumed price spread; Player expected games not established; provider conventions retained without assuming 17 games,espn:4608810,,1,1,limited,,season_total,
Jimmy Horn Jr.,WR,CAR,169.98,,17.9,,Source update time unknown; fetch time is not content freshness; Assumed zero for two_pt: ESPN adapter does not currently map two-point projections; ADP spread unavailable; engine may use an explicitly assumed price spread; Player expected games not established; provider conventions retained without assuming 17 games,espn:4708486,,1,1,limited,,season_total,
Nate Boerkircher,TE,JAX,169.98,,29.8,,Source update time unknown; fetch time is not content freshness; Assumed zero for two_pt: ESPN adapter does not currently map two-point projections; Assumed zero for rush_yd: ESPN TE rushing absent; explicit zero approximation; Assumed zero for rush_td: ESPN TE rushing absent; explicit zero approximation; Assumed zero for two_pt: Source table does not publish two-point projections; explicit zero approximation; Assumed zero for rush_yd: TE rushing not supplied by this table; explicit zero approximation; Assumed zero for rush_td: TE rushing not supplied by this table; explicit zero approximation; ADP spread unavailable; engine may use an explicitly assumed price spread; Player expected games not established; provider conventions retained without assuming 17 games,espn:4686248,15.25,2,2,limited,,season_total,
Bo Melton,WR,GB,169.98,,13.4,,Source update time unknown; fetch time is not content freshness; Assumed zero for two_pt: ESPN adapter does not currently map two-point projections; ADP spread unavailable; engine may use an explicitly assumed price spread; Player expected games not established; provider conventions retained without assuming 17 games,espn:4259305,,1,1,limited,,season_total,
Michael Burton,RB,CLE,169.98,,14.0,,Source update time unknown; fetch time is not content freshness; Assumed zero for two_pt: ESPN adapter does not currently map two-point projections; Assumed zero for two_pt: Source table does not publish two-point projections; explicit zero approximation; ADP spread unavailable; engine may use an explicitly assumed price spread; Player expected games not established; provider conventions retained without assuming 17 games,espn:2515270,6.0,2,2,limited,,season_total,
Josh Whyle,TE,GB,169.98,,13.8,,Source update time unknown; fetch time is not content freshness; Assumed zero for two_pt: ESPN adapter does not currently map two-point projections; Assumed zero for rush_yd: ESPN TE rushing absent; explicit zero approximation; Assumed zero for rush_td: ESPN TE rushing absent; explicit zero approximation; Assumed zero for two_pt: Source table does not publish two-point projections; explicit zero approximation; Assumed zero for rush_yd: TE rushing not supplied by this table; explicit zero approximation; Assumed zero for rush_td: TE rushing not supplied by this table; explicit zero approximation; ADP spread unavailable; engine may use an explicitly assumed price spread; Player expected games not established; provider conventions retained without assuming 17 games,espn:4360086,5.8500000000000005,2,2,limited,,season_total,
Brevyn Spann-Ford,TE,DAL,169.98,,14.8,,Source update time unknown; fetch time is not content freshness; Assumed zero for two_pt: ESPN adapter does not currently map two-point projections; Assumed zero for rush_yd: ESPN TE rushing absent; explicit zero approximation; Assumed zero for rush_td: ESPN TE rushing absent; explicit zero approximation; Assumed zero for two_pt: Source table does not publish two-point projections; explicit zero approximation; Assumed zero for rush_yd: TE rushing not supplied by this table; explicit zero approximation; Assumed zero for rush_td: TE rushing not supplied by this table; explicit zero approximation; ADP spread unavailable; engine may use an explicitly assumed price spread; Player expected games not established; provider conventions retained without assuming 17 games,espn:4360967,7.300000000000001,2,2,limited,,season_total,
Tyrod Taylor,QB,GB,169.98,,10.8,,Source update time unknown; fetch time is not content freshness; Assumed zero for two_pt: ESPN adapter does not currently map two-point projections; Assumed zero for rec: ESPN QB receiving absent; explicit zero approximation; Assumed zero for rec_yd: ESPN QB receiving absent; explicit zero approximation; Assumed zero for rec_td: ESPN QB receiving absent; explicit zero approximation; Assumed zero for two_pt: Source table does not publish two-point projections; explicit zero approximation; Assumed zero for rec: QB receiving not supplied by this table; explicit zero approximation; Assumed zero for rec_yd: QB receiving not supplied by this table; explicit zero approximation; Assumed zero for rec_td: QB receiving not supplied by this table; explicit zero approximation; ADP spread unavailable; engine may use an explicitly assumed price spread; Player expected games not established; provider conventions retained without assuming 17 games,espn:14163,1.3499999999999996,2,2,limited,,season_total,
Trey Lance,QB,LAC,169.98,,9.7,,Source update time unknown; fetch time is not content freshness; Assumed zero for two_pt: ESPN adapter does not currently map two-point projections; Assumed zero for rec: ESPN QB receiving absent; explicit zero approximation; Assumed zero for rec_yd: ESPN QB receiving absent; explicit zero approximation; Assumed zero for rec_td: ESPN QB receiving absent; explicit zero approximation; Assumed zero for two_pt: Source table does not publish two-point projections; explicit zero approximation; Assumed zero for rec: QB receiving not supplied by this table; explicit zero approximation; Assumed zero for rec_yd: QB receiving not supplied by this table; explicit zero approximation; Assumed zero for rec_td: QB receiving not supplied by this table; explicit zero approximation; ADP spread unavailable; engine may use an explicitly assumed price spread; Player expected games not established; provider conventions retained without assuming 17 games,espn:4383351,0.25,2,2,limited,,season_total,
Quinn Ewers,QB,JAX,169.98,,9.8,,Source update time unknown; fetch time is not content freshness; Assumed zero for two_pt: ESPN adapter does not currently map two-point projections; Assumed zero for rec: ESPN QB receiving absent; explicit zero approximation; Assumed zero for rec_yd: ESPN QB receiving absent; explicit zero approximation; Assumed zero for rec_td: ESPN QB receiving absent; explicit zero approximation; Assumed zero for two_pt: Source table does not publish two-point projections; explicit zero approximation; Assumed zero for rec: QB receiving not supplied by this table; explicit zero approximation; Assumed zero for rec_yd: QB receiving not supplied by this table; explicit zero approximation; Assumed zero for rec_td: QB receiving not supplied by this table; explicit zero approximation; ADP spread unavailable; engine may use an explicitly assumed price spread; Player expected games not established; provider conventions retained without assuming 17 games,espn:4889929,0.4499999999999993,2,2,limited,,season_total,
Tyler Conklin,TE,DET,169.98,,7.3,,Source update time unknown; fetch time is not content freshness; Assumed zero for two_pt: ESPN adapter does not currently map two-point projections; Assumed zero for rush_yd: ESPN TE rushing absent; explicit zero approximation; Assumed zero for rush_td: ESPN TE rushing absent; explicit zero approximation; ADP spread unavailable; engine may use an explicitly assumed price spread; Player expected games not established; provider conventions retained without assuming 17 games,espn:3915486,,1,1,limited,,season_total,
Marlin Klein,TE,HOU,169.98,,34.9,,Source update time unknown; fetch time is not content freshness; Assumed zero for two_pt: ESPN adapter does not currently map two-point projections; Assumed zero for rush_yd: ESPN TE rushing absent; explicit zero approximation; Assumed zero for rush_td: ESPN TE rushing absent; explicit zero approximation; Assumed zero for two_pt: Source table does not publish two-point projections; explicit zero approximation; Assumed zero for rush_yd: TE rushing not supplied by this table; explicit zero approximation; Assumed zero for rush_td: TE rushing not supplied by this table; explicit zero approximation; ADP spread unavailable; engine may use an explicitly assumed price spread; Player expected games not established; provider conventions retained without assuming 17 games,espn:4695705,27.95,2,2,limited,,season_total,
Drew Ogletree,TE,IND,169.98,,7.0,,Source update time unknown; fetch time is not content freshness; Assumed zero for two_pt: ESPN adapter does not currently map two-point projections; Assumed zero for rush_yd: ESPN TE rushing absent; explicit zero approximation; Assumed zero for rush_td: ESPN TE rushing absent; explicit zero approximation; ADP spread unavailable; engine may use an explicitly assumed price spread; Player expected games not established; provider conventions retained without assuming 17 games,espn:4722908,,1,1,limited,,season_total,
Sam Roush,TE,CHI,169.98,,14.5,,Source update time unknown; fetch time is not content freshness; Assumed zero for two_pt: ESPN adapter does not currently map two-point projections; Assumed zero for rush_yd: ESPN TE rushing absent; explicit zero approximation; Assumed zero for rush_td: ESPN TE rushing absent; explicit zero approximation; Assumed zero for two_pt: Source table does not publish two-point projections; explicit zero approximation; Assumed zero for rush_yd: TE rushing not supplied by this table; explicit zero approximation; Assumed zero for rush_td: TE rushing not supplied by this table; explicit zero approximation; ADP spread unavailable; engine may use an explicitly assumed price spread; Player expected games not established; provider conventions retained without assuming 17 games,espn:4685504,7.6000000000000005,2,2,limited,,season_total,
Tyler Huntley,QB,BAL,169.98,,10.3,,Source update time unknown; fetch time is not content freshness; Assumed zero for two_pt: ESPN adapter does not currently map two-point projections; Assumed zero for rec: ESPN QB receiving absent; explicit zero approximation; Assumed zero for rec_yd: ESPN QB receiving absent; explicit zero approximation; Assumed zero for rec_td: ESPN QB receiving absent; explicit zero approximation; Assumed zero for two_pt: Source table does not publish two-point projections; explicit zero approximation; Assumed zero for rec: QB receiving not supplied by this table; explicit zero approximation; Assumed zero for rec_yd: QB receiving not supplied by this table; explicit zero approximation; Assumed zero for rec_td: QB receiving not supplied by this table; explicit zero approximation; ADP spread unavailable; engine may use an explicitly assumed price spread; Player expected games not established; provider conventions retained without assuming 17 games,espn:4035671,1.75,2,2,limited,,season_total,
Mason Rudolph,QB,PIT,169.98,,11.1,,Source update time unknown; fetch time is not content freshness; Assumed zero for two_pt: Source table does not publish two-point projections; explicit zero approximation; Assumed zero for rec: QB receiving not supplied by this table; explicit zero approximation; Assumed zero for rec_yd: QB receiving not supplied by this table; explicit zero approximation; Assumed zero for rec_td: QB receiving not supplied by this table; explicit zero approximation; ADP spread unavailable; engine may use an explicitly assumed price spread; Player expected games not established; provider conventions retained without assuming 17 games,espn:3116407,,1,1,limited,,season_total,
Devin Singletary,RB,NYG,169.98,,20.5,,Source update time unknown; fetch time is not content freshness; Assumed zero for two_pt: Source table does not publish two-point projections; explicit zero approximation; ADP spread unavailable; engine may use an explicitly assumed price spread; Player expected games not established; provider conventions retained without assuming 17 games,espn:4040761,,1,1,limited,,season_total,
AJ Dillon,RB,CAR,169.98,,90.8,,Source update time unknown; fetch time is not content freshness; Assumed zero for two_pt: Source table does not publish two-point projections; explicit zero approximation; ADP spread unavailable; engine may use an explicitly assumed price spread; Player expected games not established; provider conventions retained without assuming 17 games,espn:4239934,,1,1,limited,,season_total,
Jalen Milroe,QB,SEA,169.98,,9.0,,Source update time unknown; fetch time is not content freshness; Assumed zero for two_pt: Source table does not publish two-point projections; explicit zero approximation; Assumed zero for rec: QB receiving not supplied by this table; explicit zero approximation; Assumed zero for rec_yd: QB receiving not supplied by this table; explicit zero approximation; Assumed zero for rec_td: QB receiving not supplied by this table; explicit zero approximation; ADP spread unavailable; engine may use an explicitly assumed price spread; Player expected games not established; provider conventions retained without assuming 17 games,espn:4432734,,1,1,limited,,season_total,
Brady Cook,QB,MIA,169.98,,8.9,,Source update time unknown; fetch time is not content freshness; Assumed zero for two_pt: Source table does not publish two-point projections; explicit zero approximation; Assumed zero for rec: QB receiving not supplied by this table; explicit zero approximation; Assumed zero for rec_yd: QB receiving not supplied by this table; explicit zero approximation; Assumed zero for rec_td: QB receiving not supplied by this table; explicit zero approximation; ADP spread unavailable; engine may use an explicitly assumed price spread; Player expected games not established; provider conventions retained without assuming 17 games,espn:4429435,,1,1,limited,,season_total,
Justin Joly,TE,MIA,169.98,,19.3,,Source update time unknown; fetch time is not content freshness; Assumed zero for two_pt: Source table does not publish two-point projections; explicit zero approximation; Assumed zero for rush_yd: TE rushing not supplied by this table; explicit zero approximation; Assumed zero for rush_td: TE rushing not supplied by this table; explicit zero approximation; ADP spread unavailable; engine may use an explicitly assumed price spread; Player expected games not established; provider conventions retained without assuming 17 games,espn:4912052,,1,1,limited,,season_total,
Mac Jones,QB,SF,169.99,,9.5,,Source update time unknown; fetch time is not content freshness; Assumed zero for two_pt: ESPN adapter does not currently map two-point projections; Assumed zero for rec: ESPN QB receiving absent; explicit zero approximation; Assumed zero for rec_yd: ESPN QB receiving absent; explicit zero approximation; Assumed zero for rec_td: ESPN QB receiving absent; explicit zero approximation; Assumed zero for two_pt: Source table does not publish two-point projections; explicit zero approximation; Assumed zero for rec: QB receiving not supplied by this table; explicit zero approximation; Assumed zero for rec_yd: QB receiving not supplied by this table; explicit zero approximation; Assumed zero for rec_td: QB receiving not supplied by this table; explicit zero approximation; ADP spread unavailable; engine may use an explicitly assumed price spread; Player expected games not established; provider conventions retained without assuming 17 games,espn:4241464,1.0,2,2,limited,,season_total,
Jarrett Stidham,QB,DEN,169.99,,11.0,,Source update time unknown; fetch time is not content freshness; Assumed zero for two_pt: ESPN adapter does not currently map two-point projections; Assumed zero for rec: ESPN QB receiving absent; explicit zero approximation; Assumed zero for rec_yd: ESPN QB receiving absent; explicit zero approximation; Assumed zero for rec_td: ESPN QB receiving absent; explicit zero approximation; Assumed zero for two_pt: Source table does not publish two-point projections; explicit zero approximation; Assumed zero for rec: QB receiving not supplied by this table; explicit zero approximation; Assumed zero for rec_yd: QB receiving not supplied by this table; explicit zero approximation; Assumed zero for rec_td: QB receiving not supplied by this table; explicit zero approximation; ADP spread unavailable; engine may use an explicitly assumed price spread; Player expected games not established; provider conventions retained without assuming 17 games,espn:3892775,0.6999999999999993,2,2,limited,,season_total,
Kyle Williams,WR,NE,169.99,,42.3,,Source update time unknown; fetch time is not content freshness; Assumed zero for two_pt: ESPN adapter does not currently map two-point projections; ADP spread unavailable; engine may use an explicitly assumed price spread; Player expected games not established; provider conventions retained without assuming 17 games,espn:4613202,,1,1,limited,,season_total,
Will Kacmarek,TE,MIA,169.99,,48.5,,Source update time unknown; fetch time is not content freshness; Assumed zero for two_pt: ESPN adapter does not currently map two-point projections; Assumed zero for rush_yd: ESPN TE rushing absent; explicit zero approximation; Assumed zero for rush_td: ESPN TE rushing absent; explicit zero approximation; Assumed zero for two_pt: Source table does not publish two-point projections; explicit zero approximation; Assumed zero for rush_yd: TE rushing not supplied by this table; explicit zero approximation; Assumed zero for rush_td: TE rushing not supplied by this table; explicit zero approximation; ADP spread unavailable; engine may use an explicitly assumed price spread; Player expected games not established; provider conventions retained without assuming 17 games,espn:4880236,17.799999999999997,2,2,limited,,season_total,
Isaiah Bond,WR,CLE,169.99,,29.0,,Source update time unknown; fetch time is not content freshness; Assumed zero for two_pt: ESPN adapter does not currently map two-point projections; ADP spread unavailable; engine may use an explicitly assumed price spread; Player expected games not established; provider conventions retained without assuming 17 games,espn:4808839,,1,1,limited,,season_total,
John Bates,TE,WAS,169.99,,33.8,,Source update time unknown; fetch time is not content freshness; Assumed zero for two_pt: ESPN adapter does not currently map two-point projections; Assumed zero for rush_yd: ESPN TE rushing absent; explicit zero approximation; Assumed zero for rush_td: ESPN TE rushing absent; explicit zero approximation; Assumed zero for two_pt: Source table does not publish two-point projections; explicit zero approximation; Assumed zero for rush_yd: TE rushing not supplied by this table; explicit zero approximation; Assumed zero for rush_td: TE rushing not supplied by this table; explicit zero approximation; ADP spread unavailable; engine may use an explicitly assumed price spread; Player expected games not established; provider conventions retained without assuming 17 games,espn:4048228,6.499999999999998,2,2,limited,,season_total,
Tutu Atwell,WR,LAR,169.99,,26.0,,Source update time unknown; fetch time is not content freshness; Assumed zero for two_pt: ESPN adapter does not currently map two-point projections; ADP spread unavailable; engine may use an explicitly assumed price spread; Player expected games not established; provider conventions retained without assuming 17 games,espn:4360797,,1,1,limited,,season_total,
Brenen Thompson,WR,LAC,169.99,,22.7,,Source update time unknown; fetch time is not content freshness; Assumed zero for two_pt: ESPN adapter does not currently map two-point projections; ADP spread unavailable; engine may use an explicitly assumed price spread; Player expected games not established; provider conventions retained without assuming 17 games,espn:4685553,,1,1,limited,,season_total,
Daniel Bellinger,TE,TEN,169.99,,42.3,,Source update time unknown; fetch time is not content freshness; Assumed zero for two_pt: ESPN adapter does not currently map two-point projections; Assumed zero for rush_yd: ESPN TE rushing absent; explicit zero approximation; Assumed zero for rush_td: ESPN TE rushing absent; explicit zero approximation; Assumed zero for two_pt: Source table does not publish two-point projections; explicit zero approximation; Assumed zero for rush_yd: TE rushing not supplied by this table; explicit zero approximation; Assumed zero for rush_td: TE rushing not supplied by this table; explicit zero approximation; ADP spread unavailable; engine may use an explicitly assumed price spread; Player expected games not established; provider conventions retained without assuming 17 games,espn:4361516,21.900000000000002,2,2,limited,,season_total,
Ben Sinnott,TE,WAS,169.99,,25.3,,Source update time unknown; fetch time is not content freshness; Assumed zero for two_pt: ESPN adapter does not currently map two-point projections; Assumed zero for rush_yd: ESPN TE rushing absent; explicit zero approximation; Assumed zero for rush_td: ESPN TE rushing absent; explicit zero approximation; Assumed zero for two_pt: Source table does not publish two-point projections; explicit zero approximation; Assumed zero for rush_yd: TE rushing not supplied by this table; explicit zero approximation; Assumed zero for rush_td: TE rushing not supplied by this table; explicit zero approximation; ADP spread unavailable; engine may use an explicitly assumed price spread; Player expected games not established; provider conventions retained without assuming 17 games,espn:4690923,4.4,2,2,limited,,season_total,
Jeremy Ruckert,TE,NYJ,169.99,,32.0,,Source update time unknown; fetch time is not content freshness; Assumed zero for two_pt: ESPN adapter does not currently map two-point projections; Assumed zero for rush_yd: ESPN TE rushing absent; explicit zero approximation; Assumed zero for rush_td: ESPN TE rushing absent; explicit zero approximation; Assumed zero for two_pt: Source table does not publish two-point projections; explicit zero approximation; Assumed zero for rush_yd: TE rushing not supplied by this table; explicit zero approximation; Assumed zero for rush_td: TE rushing not supplied by this table; explicit zero approximation; ADP spread unavailable; engine may use an explicitly assumed price spread; Player expected games not established; provider conventions retained without assuming 17 games,espn:4361372,13.05,2,2,limited,,season_total,
Davis Allen,TE,LAR,169.99,,35.3,,Source update time unknown; fetch time is not content freshness; Assumed zero for two_pt: ESPN adapter does not currently map two-point projections; Assumed zero for rush_yd: ESPN TE rushing absent; explicit zero approximation; Assumed zero for rush_td: ESPN TE rushing absent; explicit zero approximation; Assumed zero for two_pt: Source table does not publish two-point projections; explicit zero approximation; Assumed zero for rush_yd: TE rushing not supplied by this table; explicit zero approximation; Assumed zero for rush_td: TE rushing not supplied by this table; explicit zero approximation; ADP spread unavailable; engine may use an explicitly assumed price spread; Player expected games not established; provider conventions retained without assuming 17 games,espn:4426553,19.7,2,2,limited,,season_total,
Foster Moreau,TE,HOU,169.99,,22.9,,Source update time unknown; fetch time is not content freshness; Assumed zero for two_pt: ESPN adapter does not currently map two-point projections; Assumed zero for rush_yd: ESPN TE rushing absent; explicit zero approximation; Assumed zero for rush_td: ESPN TE rushing absent; explicit zero approximation; Assumed zero for two_pt: Source table does not publish two-point projections; explicit zero approximation; Assumed zero for rush_yd: TE rushing not supplied by this table; explicit zero approximation; Assumed zero for rush_td: TE rushing not supplied by this table; explicit zero approximation; ADP spread unavailable; engine may use an explicitly assumed price spread; Player expected games not established; provider conventions retained without assuming 17 games,espn:3843945,7.8,2,2,limited,,season_total,
Nate Adkins,TE,DEN,169.99,,25.8,,Source update time unknown; fetch time is not content freshness; Assumed zero for two_pt: ESPN adapter does not currently map two-point projections; Assumed zero for rush_yd: ESPN TE rushing absent; explicit zero approximation; Assumed zero for rush_td: ESPN TE rushing absent; explicit zero approximation; Assumed zero for two_pt: Source table does not publish two-point projections; explicit zero approximation; Assumed zero for rush_yd: TE rushing not supplied by this table; explicit zero approximation; Assumed zero for rush_td: TE rushing not supplied by this table; explicit zero approximation; ADP spread unavailable; engine may use an explicitly assumed price spread; Player expected games not established; provider conventions retained without assuming 17 games,espn:4383440,11.049999999999999,2,2,limited,,season_total,
Payne Durham,TE,TB,169.99,,16.7,,Source update time unknown; fetch time is not content freshness; Assumed zero for two_pt: ESPN adapter does not currently map two-point projections; Assumed zero for rush_yd: ESPN TE rushing absent; explicit zero approximation; Assumed zero for rush_td: ESPN TE rushing absent; explicit zero approximation; Assumed zero for two_pt: Source table does not publish two-point projections; explicit zero approximation; Assumed zero for rush_yd: TE rushing not supplied by this table; explicit zero approximation; Assumed zero for rush_td: TE rushing not supplied by this table; explicit zero approximation; ADP spread unavailable; engine may use an explicitly assumed price spread; Player expected games not established; provider conventions retained without assuming 17 games,espn:4372505,2.4000000000000004,2,2,limited,,season_total,
Oscar Delp,TE,NO,169.99,,18.5,,Source update time unknown; fetch time is not content freshness; Assumed zero for two_pt: ESPN adapter does not currently map two-point projections; Assumed zero for rush_yd: ESPN TE rushing absent; explicit zero approximation; Assumed zero for rush_td: ESPN TE rushing absent; explicit zero approximation; Assumed zero for two_pt: Source table does not publish two-point projections; explicit zero approximation; Assumed zero for rush_yd: TE rushing not supplied by this table; explicit zero approximation; Assumed zero for rush_td: TE rushing not supplied by this table; explicit zero approximation; ADP spread unavailable; engine may use an explicitly assumed price spread; Player expected games not established; provider conventions retained without assuming 17 games,espn:4702559,4.5,2,2,limited,,season_total,
Alec Ingold,RB,LAC,169.99,,12.4,,Source update time unknown; fetch time is not content freshness; Assumed zero for two_pt: ESPN adapter does not currently map two-point projections; ADP spread unavailable; engine may use an explicitly assumed price spread; Player expected games not established; provider conventions retained without assuming 17 games,espn:3917668,,1,1,limited,,season_total,
Seydou Traore,TE,MIA,169.99,,15.8,,Source update time unknown; fetch time is not content freshness; Assumed zero for two_pt: ESPN adapter does not currently map two-point projections; Assumed zero for rush_yd: ESPN TE rushing absent; explicit zero approximation; Assumed zero for rush_td: ESPN TE rushing absent; explicit zero approximation; Assumed zero for two_pt: Source table does not publish two-point projections; explicit zero approximation; Assumed zero for rush_yd: TE rushing not supplied by this table; explicit zero approximation; Assumed zero for rush_td: TE rushing not supplied by this table; explicit zero approximation; ADP spread unavailable; engine may use an explicitly assumed price spread; Player expected games not established; provider conventions retained without assuming 17 games,espn:4714379,3.5500000000000007,2,2,limited,,season_total,
Blake Whiteheart,TE,CLE,169.99,,11.9,,Source update time unknown; fetch time is not content freshness; Assumed zero for two_pt: ESPN adapter does not currently map two-point projections; Assumed zero for rush_yd: ESPN TE rushing absent; explicit zero approximation; Assumed zero for rush_td: ESPN TE rushing absent; explicit zero approximation; ADP spread unavailable; engine may use an explicitly assumed price spread; Player expected games not established; provider conventions retained without assuming 17 games,espn:4362018,,1,1,limited,,season_total,
Malachi Corley,WR,CLE,169.99,,11.1,,Source update time unknown; fetch time is not content freshness; Assumed zero for two_pt: ESPN adapter does not currently map two-point projections; ADP spread unavailable; engine may use an explicitly assumed price spread; Player expected games not established; provider conventions retained without assuming 17 games,espn:4613104,,1,1,limited,,season_total,
Tay Martin,WR,DET,169.99,,11.4,,Source update time unknown; fetch time is not content freshness; Assumed zero for two_pt: ESPN adapter does not currently map two-point projections; ADP spread unavailable; engine may use an explicitly assumed price spread; Player expected games not established; provider conventions retained without assuming 17 games,espn:4245144,,1,1,limited,,season_total,
Adam Prentice,RB,,169.99,,8.4,,Source update time unknown; fetch time is not content freshness; Assumed zero for two_pt: ESPN adapter does not currently map two-point projections; ADP spread unavailable; engine may use an explicitly assumed price spread; Player expected games not established; provider conventions retained without assuming 17 games,espn:3929914,,1,1,limited,,season_total,
Connor Heyward,RB,LV,169.99,,8.2,,Source update time unknown; fetch time is not content freshness; Assumed zero for two_pt: ESPN adapter does not currently map two-point projections; ADP spread unavailable; engine may use an explicitly assumed price spread; Player expected games not established; provider conventions retained without assuming 17 games,espn:4241961,,1,1,limited,,season_total,
Max Bredeson,RB,MIN,169.99,,7.4,,Source update time unknown; fetch time is not content freshness; Assumed zero for two_pt: ESPN adapter does not currently map two-point projections; ADP spread unavailable; engine may use an explicitly assumed price spread; Player expected games not established; provider conventions retained without assuming 17 games,espn:4878695,,1,1,limited,,season_total,
Riley Leonard,QB,IND,169.99,,9.2,,Source update time unknown; fetch time is not content freshness; Assumed zero for two_pt: ESPN adapter does not currently map two-point projections; Assumed zero for rec: ESPN QB receiving absent; explicit zero approximation; Assumed zero for rec_yd: ESPN QB receiving absent; explicit zero approximation; Assumed zero for rec_td: ESPN QB receiving absent; explicit zero approximation; ADP spread unavailable; engine may use an explicitly assumed price spread; Player expected games not established; provider conventions retained without assuming 17 games,espn:4683423,,1,1,limited,,season_total,
Tanner Koziol,TE,JAX,169.99,,14.7,,Source update time unknown; fetch time is not content freshness; Assumed zero for two_pt: ESPN adapter does not currently map two-point projections; Assumed zero for rush_yd: ESPN TE rushing absent; explicit zero approximation; Assumed zero for rush_td: ESPN TE rushing absent; explicit zero approximation; Assumed zero for two_pt: Source table does not publish two-point projections; explicit zero approximation; Assumed zero for rush_yd: TE rushing not supplied by this table; explicit zero approximation; Assumed zero for rush_td: TE rushing not supplied by this table; explicit zero approximation; ADP spread unavailable; engine may use an explicitly assumed price spread; Player expected games not established; provider conventions retained without assuming 17 games,espn:4917427,7.4,2,2,limited,,season_total,
Ko Kieft,TE,TB,169.99,,12.7,,Source update time unknown; fetch time is not content freshness; Assumed zero for two_pt: ESPN adapter does not currently map two-point projections; Assumed zero for rush_yd: ESPN TE rushing absent; explicit zero approximation; Assumed zero for rush_td: ESPN TE rushing absent; explicit zero approximation; Assumed zero for two_pt: Source table does not publish two-point projections; explicit zero approximation; Assumed zero for rush_yd: TE rushing not supplied by this table; explicit zero approximation; Assumed zero for rush_td: TE rushing not supplied by this table; explicit zero approximation; ADP spread unavailable; engine may use an explicitly assumed price spread; Player expected games not established; provider conventions retained without assuming 17 games,espn:4034779,5.450000000000001,2,2,limited,,season_total,
Spencer Rattler,QB,NO,169.99,,9.4,,Source update time unknown; fetch time is not content freshness; Assumed zero for two_pt: ESPN adapter does not currently map two-point projections; Assumed zero for rec: ESPN QB receiving absent; explicit zero approximation; Assumed zero for rec_yd: ESPN QB receiving absent; explicit zero approximation; Assumed zero for rec_td: ESPN QB receiving absent; explicit zero approximation; Assumed zero for two_pt: Source table does not publish two-point projections; explicit zero approximation; Assumed zero for rec: QB receiving not supplied by this table; explicit zero approximation; Assumed zero for rec_yd: QB receiving not supplied by this table; explicit zero approximation; Assumed zero for rec_td: QB receiving not supplied by this table; explicit zero approximation; ADP spread unavailable; engine may use an explicitly assumed price spread; Player expected games not established; provider conventions retained without assuming 17 games,espn:4426339,0.6499999999999995,2,2,limited,,season_total,
Luke Farrell,TE,SF,169.99,,6.9,,Source update time unknown; fetch time is not content freshness; Assumed zero for two_pt: ESPN adapter does not currently map two-point projections; Assumed zero for rush_yd: ESPN TE rushing absent; explicit zero approximation; Assumed zero for rush_td: ESPN TE rushing absent; explicit zero approximation; ADP spread unavailable; engine may use an explicitly assumed price spread; Player expected games not established; provider conventions retained without assuming 17 games,espn:4040612,,1,1,limited,,season_total,
Matthew Hibner,TE,BAL,169.99,,13.3,,Source update time unknown; fetch time is not content freshness; Assumed zero for two_pt: ESPN adapter does not currently map two-point projections; Assumed zero for rush_yd: ESPN TE rushing absent; explicit zero approximation; Assumed zero for rush_td: ESPN TE rushing absent; explicit zero approximation; Assumed zero for two_pt: Source table does not publish two-point projections; explicit zero approximation; Assumed zero for rush_yd: TE rushing not supplied by this table; explicit zero approximation; Assumed zero for rush_td: TE rushing not supplied by this table; explicit zero approximation; ADP spread unavailable; engine may use an explicitly assumed price spread; Player expected games not established; provider conventions retained without assuming 17 games,espn:4432260,6.3999999999999995,2,2,limited,,season_total,
Josh Cuevas,TE,BAL,169.99,,13.3,,Source update time unknown; fetch time is not content freshness; Assumed zero for two_pt: ESPN adapter does not currently map two-point projections; Assumed zero for rush_yd: ESPN TE rushing absent; explicit zero approximation; Assumed zero for rush_td: ESPN TE rushing absent; explicit zero approximation; Assumed zero for two_pt: Source table does not publish two-point projections; explicit zero approximation; Assumed zero for rush_yd: TE rushing not supplied by this table; explicit zero approximation; Assumed zero for rush_td: TE rushing not supplied by this table; explicit zero approximation; ADP spread unavailable; engine may use an explicitly assumed price spread; Player expected games not established; provider conventions retained without assuming 17 games,espn:4876132,6.3999999999999995,2,2,limited,,season_total,
Eric Saubert,TE,SEA,169.99,,6.9,,Source update time unknown; fetch time is not content freshness; Assumed zero for two_pt: ESPN adapter does not currently map two-point projections; Assumed zero for rush_yd: ESPN TE rushing absent; explicit zero approximation; Assumed zero for rush_td: ESPN TE rushing absent; explicit zero approximation; ADP spread unavailable; engine may use an explicitly assumed price spread; Player expected games not established; provider conventions retained without assuming 17 games,espn:2975863,,1,1,limited,,season_total,
Andrew Beck,RB,NYJ,169.99,,18.8,,Source update time unknown; fetch time is not content freshness; Assumed zero for two_pt: Source table does not publish two-point projections; explicit zero approximation; ADP spread unavailable; engine may use an explicitly assumed price spread; Player expected games not established; provider conventions retained without assuming 17 games,espn:3125107,,1,1,limited,,season_total,
Davis Mills,QB,HOU,169.99,,10.2,,Source update time unknown; fetch time is not content freshness; Assumed zero for two_pt: ESPN adapter does not currently map two-point projections; Assumed zero for rec: ESPN QB receiving absent; explicit zero approximation; Assumed zero for rec_yd: ESPN QB receiving absent; explicit zero approximation; Assumed zero for rec_td: ESPN QB receiving absent; explicit zero approximation; Assumed zero for two_pt: Source table does not publish two-point projections; explicit zero approximation; Assumed zero for rec: QB receiving not supplied by this table; explicit zero approximation; Assumed zero for rec_yd: QB receiving not supplied by this table; explicit zero approximation; Assumed zero for rec_td: QB receiving not supplied by this table; explicit zero approximation; ADP spread unavailable; engine may use an explicitly assumed price spread; Player expected games not established; provider conventions retained without assuming 17 games,espn:4242546,2.0500000000000007,2,2,limited,,season_total,
Hunter Long,TE,ARI,169.99,,13.6,,Source update time unknown; fetch time is not content freshness; Assumed zero for two_pt: ESPN adapter does not currently map two-point projections; Assumed zero for rush_yd: ESPN TE rushing absent; explicit zero approximation; Assumed zero for rush_td: ESPN TE rushing absent; explicit zero approximation; Assumed zero for two_pt: Source table does not publish two-point projections; explicit zero approximation; Assumed zero for rush_yd: TE rushing not supplied by this table; explicit zero approximation; Assumed zero for rush_td: TE rushing not supplied by this table; explicit zero approximation; ADP spread unavailable; engine may use an explicitly assumed price spread; Player expected games not established; provider conventions retained without assuming 17 games,espn:4239944,7.2,2,2,limited,,season_total,
Ian Thomas,TE,LV,169.99,,13.1,,Source update time unknown; fetch time is not content freshness; Assumed zero for two_pt: ESPN adapter does not currently map two-point projections; Assumed zero for rush_yd: ESPN TE rushing absent; explicit zero approximation; Assumed zero for rush_td: ESPN TE rushing absent; explicit zero approximation; Assumed zero for two_pt: Source table does not publish two-point projections; explicit zero approximation; Assumed zero for rush_yd: TE rushing not supplied by this table; explicit zero approximation; Assumed zero for rush_td: TE rushing not supplied by this table; explicit zero approximation; ADP spread unavailable; engine may use an explicitly assumed price spread; Player expected games not established; provider conventions retained without assuming 17 games,espn:4045305,6.6499999999999995,2,2,limited,,season_total,
Charlie Woerner,TE,ATL,169.99,,21.7,,Source update time unknown; fetch time is not content freshness; Assumed zero for two_pt: ESPN adapter does not currently map two-point projections; Assumed zero for rush_yd: ESPN TE rushing absent; explicit zero approximation; Assumed zero for rush_td: ESPN TE rushing absent; explicit zero approximation; Assumed zero for two_pt: Source table does not publish two-point projections; explicit zero approximation; Assumed zero for rush_yd: TE rushing not supplied by this table; explicit zero approximation; Assumed zero for rush_td: TE rushing not supplied by this table; explicit zero approximation; ADP spread unavailable; engine may use an explicitly assumed price spread; Player expected games not established; provider conventions retained without assuming 17 games,espn:4035020,15.4,2,2,limited,,season_total,
Cade Klubnik,QB,NYJ,169.99,,8.2,,Source update time unknown; fetch time is not content freshness; Assumed zero for two_pt: ESPN adapter does not currently map two-point projections; Assumed zero for rec: ESPN QB receiving absent; explicit zero approximation; Assumed zero for rec_yd: ESPN QB receiving absent; explicit zero approximation; Assumed zero for rec_td: ESPN QB receiving absent; explicit zero approximation; Assumed zero for two_pt: Source table does not publish two-point projections; explicit zero approximation; Assumed zero for rec: QB receiving not supplied by this table; explicit zero approximation; Assumed zero for rec_yd: QB receiving not supplied by this table; explicit zero approximation; Assumed zero for rec_td: QB receiving not supplied by this table; explicit zero approximation; ADP spread unavailable; engine may use an explicitly assumed price spread; Player expected games not established; provider conventions retained without assuming 17 games,espn:4685413,0.25,2,2,limited,,season_total,
Johnny Mundt,TE,PHI,169.99,,6.5,,Source update time unknown; fetch time is not content freshness; Assumed zero for two_pt: ESPN adapter does not currently map two-point projections; Assumed zero for rush_yd: ESPN TE rushing absent; explicit zero approximation; Assumed zero for rush_td: ESPN TE rushing absent; explicit zero approximation; ADP spread unavailable; engine may use an explicitly assumed price spread; Player expected games not established; provider conventions retained without assuming 17 games,espn:3052096,,1,1,limited,,season_total,
Carsen Ryan,TE,CLE,169.99,,6.3,,Source update time unknown; fetch time is not content freshness; Assumed zero for two_pt: ESPN adapter does not currently map two-point projections; Assumed zero for rush_yd: ESPN TE rushing absent; explicit zero approximation; Assumed zero for rush_td: ESPN TE rushing absent; explicit zero approximation; ADP spread unavailable; engine may use an explicitly assumed price spread; Player expected games not established; provider conventions retained without assuming 17 games,espn:4685540,,1,1,limited,,season_total,
Kyle McCord,QB,MIA,169.99,,7.2,,Source update time unknown; fetch time is not content freshness; Assumed zero for two_pt: ESPN adapter does not currently map two-point projections; Assumed zero for rec: ESPN QB receiving absent; explicit zero approximation; Assumed zero for rec_yd: ESPN QB receiving absent; explicit zero approximation; Assumed zero for rec_td: ESPN QB receiving absent; explicit zero approximation; Assumed zero for two_pt: Source table does not publish two-point projections; explicit zero approximation; Assumed zero for rec: QB receiving not supplied by this table; explicit zero approximation; Assumed zero for rec_yd: QB receiving not supplied by this table; explicit zero approximation; Assumed zero for rec_td: QB receiving not supplied by this table; explicit zero approximation; ADP spread unavailable; engine may use an explicitly assumed price spread; Player expected games not established; provider conventions retained without assuming 17 games,espn:4433971,0.75,2,2,limited,,season_total,
Mitchell Trubisky,QB,TEN,169.99,,7.7,,Source update time unknown; fetch time is not content freshness; Assumed zero for two_pt: ESPN adapter does not currently map two-point projections; Assumed zero for rec: ESPN QB receiving absent; explicit zero approximation; Assumed zero for rec_yd: ESPN QB receiving absent; explicit zero approximation; Assumed zero for rec_td: ESPN QB receiving absent; explicit zero approximation; ADP spread unavailable; engine may use an explicitly assumed price spread; Player expected games not established; provider conventions retained without assuming 17 games,espn:3039707,,1,1,limited,,season_total,
Chris Manhertz,TE,NYG,169.99,,11.1,,Source update time unknown; fetch time is not content freshness; Assumed zero for two_pt: ESPN adapter does not currently map two-point projections; Assumed zero for rush_yd: ESPN TE rushing absent; explicit zero approximation; Assumed zero for rush_td: ESPN TE rushing absent; explicit zero approximation; Assumed zero for two_pt: Source table does not publish two-point projections; explicit zero approximation; Assumed zero for rush_yd: TE rushing not supplied by this table; explicit zero approximation; Assumed zero for rush_td: TE rushing not supplied by this table; explicit zero approximation; ADP spread unavailable; engine may use an explicitly assumed price spread; Player expected games not established; provider conventions retained without assuming 17 games,espn:2531358,7.9,2,2,limited,,season_total,
Andy Dalton,QB,PHI,169.99,,9.9,,Source update time unknown; fetch time is not content freshness; Assumed zero for two_pt: Source table does not publish two-point projections; explicit zero approximation; Assumed zero for rec: QB receiving not supplied by this table; explicit zero approximation; Assumed zero for rec_yd: QB receiving not supplied by this table; explicit zero approximation; Assumed zero for rec_td: QB receiving not supplied by this table; explicit zero approximation; ADP spread unavailable; engine may use an explicitly assumed price spread; Player expected games not established; provider conventions retained without assuming 17 games,espn:14012,,1,1,limited,,season_total,
Grant Calcaterra,TE,PHI,169.99,,32.0,,Source update time unknown; fetch time is not content freshness; Assumed zero for two_pt: Source table does not publish two-point projections; explicit zero approximation; Assumed zero for rush_yd: TE rushing not supplied by this table; explicit zero approximation; Assumed zero for rush_td: TE rushing not supplied by this table; explicit zero approximation; ADP spread unavailable; engine may use an explicitly assumed price spread; Player expected games not established; provider conventions retained without assuming 17 games,espn:4241374,,1,1,limited,,season_total,
Luke Musgrave,TE,GB,169.99,,32.8,,Source update time unknown; fetch time is not content freshness; Assumed zero for two_pt: Source table does not publish two-point projections; explicit zero approximation; Assumed zero for rush_yd: TE rushing not supplied by this table; explicit zero approximation; Assumed zero for rush_td: TE rushing not supplied by this table; explicit zero approximation; ADP spread unavailable; engine may use an explicitly assumed price spread; Player expected games not established; provider conventions retained without assuming 17 games,espn:4428085,,1,1,limited,,season_total,
Audric Estime,RB,NO,169.99,,22.1,,Source update time unknown; fetch time is not content freshness; Assumed zero for two_pt: Source table does not publish two-point projections; explicit zero approximation; ADP spread unavailable; engine may use an explicitly assumed price spread; Player expected games not established; provider conventions retained without assuming 17 games,espn:4569682,,1,1,limited,,season_total,
Jared Wiley,TE,KC,169.99,,21.1,,Source update time unknown; fetch time is not content freshness; Assumed zero for two_pt: Source table does not publish two-point projections; explicit zero approximation; Assumed zero for rush_yd: TE rushing not supplied by this table; explicit zero approximation; Assumed zero for rush_td: TE rushing not supplied by this table; explicit zero approximation; ADP spread unavailable; engine may use an explicitly assumed price spread; Player expected games not established; provider conventions retained without assuming 17 games,espn:4430723,,1,1,limited,,season_total,
Mitchell Evans,TE,CAR,169.99,,34.3,,Source update time unknown; fetch time is not content freshness; Assumed zero for two_pt: Source table does not publish two-point projections; explicit zero approximation; Assumed zero for rush_yd: TE rushing not supplied by this table; explicit zero approximation; Assumed zero for rush_td: TE rushing not supplied by this table; explicit zero approximation; ADP spread unavailable; engine may use an explicitly assumed price spread; Player expected games not established; provider conventions retained without assuming 17 games,espn:4683243,,1,1,limited,,season_total,
Corey Kiner,RB,NE,169.99,,24.1,,Source update time unknown; fetch time is not content freshness; Assumed zero for two_pt: Source table does not publish two-point projections; explicit zero approximation; ADP spread unavailable; engine may use an explicitly assumed price spread; Player expected games not established; provider conventions retained without assuming 17 games,espn:4431431,,1,1,limited,,season_total,
Raheim Sanders,RB,CLE,169.99,,19.4,,Source update time unknown; fetch time is not content freshness; Assumed zero for two_pt: Source table does not publish two-point projections; explicit zero approximation; ADP spread unavailable; engine may use an explicitly assumed price spread; Player expected games not established; provider conventions retained without assuming 17 games,espn:4601080,,1,1,limited,,season_total,
Cole Payton,QB,PHI,169.99,,9.2,,Source update time unknown; fetch time is not content freshness; Assumed zero for two_pt: Source table does not publish two-point projections; explicit zero approximation; Assumed zero for rec: QB receiving not supplied by this table; explicit zero approximation; Assumed zero for rec_yd: QB receiving not supplied by this table; explicit zero approximation; Assumed zero for rec_td: QB receiving not supplied by this table; explicit zero approximation; ADP spread unavailable; engine may use an explicitly assumed price spread; Player expected games not established; provider conventions retained without assuming 17 games,espn:4879250,,1,1,limited,,season_total,
Dallen Bentley,TE,DEN,169.99,,22.4,,Source update time unknown; fetch time is not content freshness; Assumed zero for two_pt: Source table does not publish two-point projections; explicit zero approximation; Assumed zero for rush_yd: TE rushing not supplied by this table; explicit zero approximation; Assumed zero for rush_td: TE rushing not supplied by this table; explicit zero approximation; ADP spread unavailable; engine may use an explicitly assumed price spread; Player expected games not established; provider conventions retained without assuming 17 games,espn:5159802,,1,1,limited,,season_total,
Kaleb Johnson,RB,GB,170.0,,7.2,,Source update time unknown; fetch time is not content freshness; Assumed zero for two_pt: ESPN adapter does not currently map two-point projections; ADP spread unavailable; engine may use an explicitly assumed price spread; Player expected games not established; provider conventions retained without assuming 17 games,espn:4819231,,1,1,limited,,season_total,
Evan Engram,TE,DEN,170.0,,88.2,,Source update time unknown; fetch time is not content freshness; Assumed zero for two_pt: ESPN adapter does not currently map two-point projections; Assumed zero for rush_yd: ESPN TE rushing absent; explicit zero approximation; Assumed zero for rush_td: ESPN TE rushing absent; explicit zero approximation; Assumed zero for two_pt: Source table does not publish two-point projections; explicit zero approximation; Assumed zero for rush_yd: TE rushing not supplied by this table; explicit zero approximation; Assumed zero for rush_td: TE rushing not supplied by this table; explicit zero approximation; ADP spread unavailable; engine may use an explicitly assumed price spread; Player expected games not established; provider conventions retained without assuming 17 games,espn:3051876,5.650000000000006,2,2,limited,,season_total,
Mason Taylor,TE,NYJ,170.0,,75.7,,Source update time unknown; fetch time is not content freshness; Assumed zero for two_pt: ESPN adapter does not currently map two-point projections; Assumed zero for rush_yd: ESPN TE rushing absent; explicit zero approximation; Assumed zero for rush_td: ESPN TE rushing absent; explicit zero approximation; Assumed zero for two_pt: Source table does not publish two-point projections; explicit zero approximation; Assumed zero for rush_yd: TE rushing not supplied by this table; explicit zero approximation; Assumed zero for rush_td: TE rushing not supplied by this table; explicit zero approximation; ADP spread unavailable; engine may use an explicitly assumed price spread; Player expected games not established; provider conventions retained without assuming 17 games,espn:4808766,22.4,2,2,limited,,season_total,
Max Klare,TE,LAR,170.0,,16.1,,Source update time unknown; fetch time is not content freshness; Assumed zero for two_pt: ESPN adapter does not currently map two-point projections; Assumed zero for rush_yd: ESPN TE rushing absent; explicit zero approximation; Assumed zero for rush_td: ESPN TE rushing absent; explicit zero approximation; Assumed zero for two_pt: Source table does not publish two-point projections; explicit zero approximation; Assumed zero for rush_yd: TE rushing not supplied by this table; explicit zero approximation; Assumed zero for rush_td: TE rushing not supplied by this table; explicit zero approximation; ADP spread unavailable; engine may use an explicitly assumed price spread; Player expected games not established; provider conventions retained without assuming 17 games,espn:4833029,8.149999999999999,2,2,limited,,season_total,
Marcus Mariota,QB,WAS,170.0,,17.1,,Source update time unknown; fetch time is not content freshness; Assumed zero for two_pt: ESPN adapter does not currently map two-point projections; Assumed zero for rec: ESPN QB receiving absent; explicit zero approximation; Assumed zero for rec_yd: ESPN QB receiving absent; explicit zero approximation; Assumed zero for rec_td: ESPN QB receiving absent; explicit zero approximation; Assumed zero for two_pt: Source table does not publish two-point projections; explicit zero approximation; Assumed zero for rec: QB receiving not supplied by this table; explicit zero approximation; Assumed zero for rec_yd: QB receiving not supplied by this table; explicit zero approximation; Assumed zero for rec_td: QB receiving not supplied by this table; explicit zero approximation; ADP spread unavailable; engine may use an explicitly assumed price spread; Player expected games not established; provider conventions retained without assuming 17 games,espn:2576980,7.15,2,2,limited,,season_total,
Bryce Lance,WR,NO,170.0,,113.6,,Source update time unknown; fetch time is not content freshness; Assumed zero for two_pt: Source table does not publish two-point projections; explicit zero approximation; ADP spread unavailable; engine may use an explicitly assumed price spread; Player expected games not established; provider conventions retained without assuming 17 games,espn:4879276,,1,1,limited,,season_total,
Savion Williams,WR,GB,170.0,,34.4,,Source update time unknown; fetch time is not content freshness; Assumed zero for two_pt: ESPN adapter does not currently map two-point projections; ADP spread unavailable; engine may use an explicitly assumed price spread; Player expected games not established; provider conventions retained without assuming 17 games,espn:4431487,,1,1,limited,,season_total,
Charlie Kolar,TE,LAC,170.0,,49.2,,Source update time unknown; fetch time is not content freshness; Assumed zero for two_pt: ESPN adapter does not currently map two-point projections; Assumed zero for rush_yd: ESPN TE rushing absent; explicit zero approximation; Assumed zero for rush_td: ESPN TE rushing absent; explicit zero approximation; Assumed zero for two_pt: Source table does not publish two-point projections; explicit zero approximation; Assumed zero for rush_yd: TE rushing not supplied by this table; explicit zero approximation; Assumed zero for rush_td: TE rushing not supplied by this table; explicit zero approximation; ADP spread unavailable; engine may use an explicitly assumed price spread; Player expected games not established; provider conventions retained without assuming 17 games,espn:4241263,20.450000000000003,2,2,limited,,season_total,
Isaiah Williams,WR,NYJ,170.0,,21.6,,Source update time unknown; fetch time is not content freshness; Assumed zero for two_pt: ESPN adapter does not currently map two-point projections; ADP spread unavailable; engine may use an explicitly assumed price spread; Player expected games not established; provider conventions retained without assuming 17 games,espn:4569371,,1,1,limited,,season_total,
Elic Ayomanor,WR,TEN,170.0,,113.9,,Source update time unknown; fetch time is not content freshness; Assumed zero for two_pt: Source table does not publish two-point projections; explicit zero approximation; ADP spread unavailable; engine may use an explicitly assumed price spread; Player expected games not established; provider conventions retained without assuming 17 games,espn:4883647,,1,1,limited,,season_total,
Derius Davis,WR,LAC,170.0,,8.6,,Source update time unknown; fetch time is not content freshness; Assumed zero for two_pt: ESPN adapter does not currently map two-point projections; ADP spread unavailable; engine may use an explicitly assumed price spread; Player expected games not established; provider conventions retained without assuming 17 games,espn:4362477,,1,1,limited,,season_total,
Kylen Granson,TE,TEN,170.0,,19.3,,Source update time unknown; fetch time is not content freshness; Assumed zero for two_pt: Source table does not publish two-point projections; explicit zero approximation; Assumed zero for rush_yd: TE rushing not supplied by this table; explicit zero approximation; Assumed zero for rush_td: TE rushing not supplied by this table; explicit zero approximation; ADP spread unavailable; engine may use an explicitly assumed price spread; Player expected games not established; provider conventions retained without assuming 17 games,espn:4039160,,1,1,limited,,season_total,
Will Mallory,TE,IND,170.0,,19.7,,Source update time unknown; fetch time is not content freshness; Assumed zero for two_pt: Source table does not publish two-point projections; explicit zero approximation; Assumed zero for rush_yd: TE rushing not supplied by this table; explicit zero approximation; Assumed zero for rush_td: TE rushing not supplied by this table; explicit zero approximation; ADP spread unavailable; engine may use an explicitly assumed price spread; Player expected games not established; provider conventions retained without assuming 17 games,espn:4362523,,1,1,limited,,season_total,
Thomas Fidone II,TE,NYG,170.0,,21.1,,Source update time unknown; fetch time is not content freshness; Assumed zero for two_pt: Source table does not publish two-point projections; explicit zero approximation; Assumed zero for rush_yd: TE rushing not supplied by this table; explicit zero approximation; Assumed zero for rush_td: TE rushing not supplied by this table; explicit zero approximation; ADP spread unavailable; engine may use an explicitly assumed price spread; Player expected games not established; provider conventions retained without assuming 17 games,espn:4590292,,1,1,limited,,season_total,
Jack Endries,TE,CIN,170.0,,24.8,,Source update time unknown; fetch time is not content freshness; Assumed zero for two_pt: Source table does not publish two-point projections; explicit zero approximation; Assumed zero for rush_yd: TE rushing not supplied by this table; explicit zero approximation; Assumed zero for rush_td: TE rushing not supplied by this table; explicit zero approximation; ADP spread unavailable; engine may use an explicitly assumed price spread; Player expected games not established; provider conventions retained without assuming 17 games,espn:5085189,,1,1,limited,,season_total,
Bauer Sharp,TE,TB,170.0,,22.8,,Source update time unknown; fetch time is not content freshness; Assumed zero for two_pt: Source table does not publish two-point projections; explicit zero approximation; Assumed zero for rush_yd: TE rushing not supplied by this table; explicit zero approximation; Assumed zero for rush_td: TE rushing not supplied by this table; explicit zero approximation; ADP spread unavailable; engine may use an explicitly assumed price spread; Player expected games not established; provider conventions retained without assuming 17 games,espn:4890373,,1,1,limited,,season_total,
Geno Smith,QB,NYJ,170.01,,219.5,,Source update time unknown; fetch time is not content freshness; Assumed zero for two_pt: ESPN adapter does not currently map two-point projections; Assumed zero for rec: ESPN QB receiving absent; explicit zero approximation; Assumed zero for rec_yd: ESPN QB receiving absent; explicit zero approximation; Assumed zero for rec_td: ESPN QB receiving absent; explicit zero approximation; Assumed zero for two_pt: Source table does not publish two-point projections; explicit zero approximation; Assumed zero for rec: QB receiving not supplied by this table; explicit zero approximation; Assumed zero for rec_yd: QB receiving not supplied by this table; explicit zero approximation; Assumed zero for rec_td: QB receiving not supplied by this table; explicit zero approximation; ADP spread unavailable; engine may use an explicitly assumed price spread; Player expected games not established; provider conventions retained without assuming 17 games,espn:15864,8.300000000000011,2,2,limited,,season_total,
Isaac Guerendo,RB,SF,170.01,,22.6,,Source update time unknown; fetch time is not content freshness; Assumed zero for two_pt: Source table does not publish two-point projections; explicit zero approximation; ADP spread unavailable; engine may use an explicitly assumed price spread; Player expected games not established; provider conventions retained without assuming 17 games,espn:4372561,,1,1,limited,,season_total,
Eli Heidenreich,RB,PIT,170.02,,20.8,,Source update time unknown; fetch time is not content freshness; Assumed zero for two_pt: Source table does not publish two-point projections; explicit zero approximation; ADP spread unavailable; engine may use an explicitly assumed price spread; Player expected games not established; provider conventions retained without assuming 17 games,espn:5081508,,1,1,limited,,season_total,
Carson Beck,QB,ARI,170.02,,29.0,,Source update time unknown; fetch time is not content freshness; Assumed zero for two_pt: ESPN adapter does not currently map two-point projections; Assumed zero for rec: ESPN QB receiving absent; explicit zero approximation; Assumed zero for rec_yd: ESPN QB receiving absent; explicit zero approximation; Assumed zero for rec_td: ESPN QB receiving absent; explicit zero approximation; ADP spread unavailable; engine may use an explicitly assumed price spread; Player expected games not established; provider conventions retained without assuming 17 games,espn:4430841,,1,1,limited,,season_total,
Falcons D/ST,DEF,ATL,170.02,,88.2,,Source update time unknown; fetch time is not content freshness; K/DEF scoring uses aggregate approximations; verify league distance/bucket rules; ADP spread unavailable; engine may use an explicitly assumed price spread; Player expected games not established; provider conventions retained without assuming 17 games,espn:-16001,,1,1,limited,,season_total,
Malik Benson,WR,LV,170.02,,93.9,,Source update time unknown; fetch time is not content freshness; Assumed zero for two_pt: Source table does not publish two-point projections; explicit zero approximation; ADP spread unavailable; engine may use an explicitly assumed price spread; Player expected games not established; provider conventions retained without assuming 17 games,espn:5150247,,1,1,limited,,season_total,
Ameer Abdullah,RB,JAX,170.04,,12.0,,Source update time unknown; fetch time is not content freshness; Assumed zero for two_pt: ESPN adapter does not currently map two-point projections; Assumed zero for two_pt: Source table does not publish two-point projections; explicit zero approximation; ADP spread unavailable; engine may use an explicitly assumed price spread; Player expected games not established; provider conventions retained without assuming 17 games,espn:2576336,10.7,2,2,limited,,season_total,
Erick All Jr.,TE,CIN,170.04,,55.2,,Source update time unknown; fetch time is not content freshness; Assumed zero for two_pt: ESPN adapter does not currently map two-point projections; Assumed zero for rush_yd: ESPN TE rushing absent; explicit zero approximation; Assumed zero for rush_td: ESPN TE rushing absent; explicit zero approximation; ADP spread unavailable; engine may use an explicitly assumed price spread; Player expected games not established; provider conventions retained without assuming 17 games,espn:4427834,,1,1,limited,,season_total,
James Conner,RB,ARI,170.05,,81.0,,Source update time unknown; fetch time is not content freshness; Assumed zero for two_pt: Source table does not publish two-point projections; explicit zero approximation; ADP spread unavailable; engine may use an explicitly assumed price spread; Player expected games not established; provider conventions retained without assuming 17 games,espn:3045147,,1,1,limited,,season_total,
Spencer Shrader,K,IND,170.06,,129.3,,Source update time unknown; fetch time is not content freshness; K/DEF scoring uses aggregate approximations; verify league distance/bucket rules; ADP spread unavailable; engine may use an explicitly assumed price spread; Player expected games not established; provider conventions retained without assuming 17 games,espn:4571557,,1,1,limited,,season_total,
Troy Franklin,WR,DEN,170.06,,79.0,,Source update time unknown; fetch time is not content freshness; Assumed zero for two_pt: ESPN adapter does not currently map two-point projections; Assumed zero for two_pt: Source table does not publish two-point projections; explicit zero approximation; ADP spread unavailable; engine may use an explicitly assumed price spread; Player expected games not established; provider conventions retained without assuming 17 games,espn:4431280,37.05,2,2,limited,,season_total,
Andy Borregales,K,NE,170.07,,120.7,,Source update time unknown; fetch time is not content freshness; K/DEF scoring uses aggregate approximations; verify league distance/bucket rules; ADP spread unavailable; engine may use an explicitly assumed price spread; Player expected games not established; provider conventions retained without assuming 17 games,espn:4569923,,1,1,limited,,season_total,
Sione Vaki,RB,DET,170.08,,5.6,,Source update time unknown; fetch time is not content freshness; Assumed zero for two_pt: ESPN adapter does not currently map two-point projections; ADP spread unavailable; engine may use an explicitly assumed price spread; Player expected games not established; provider conventions retained without assuming 17 games,espn:4912274,,1,1,limited,,season_total,
Jake Tonges,TE,SF,170.08,,19.1,,Source update time unknown; fetch time is not content freshness; Assumed zero for two_pt: ESPN adapter does not currently map two-point projections; Assumed zero for rush_yd: ESPN TE rushing absent; explicit zero approximation; Assumed zero for rush_td: ESPN TE rushing absent; explicit zero approximation; Assumed zero for two_pt: Source table does not publish two-point projections; explicit zero approximation; Assumed zero for rush_yd: TE rushing not supplied by this table; explicit zero approximation; Assumed zero for rush_td: TE rushing not supplied by this table; explicit zero approximation; ADP spread unavailable; engine may use an explicitly assumed price spread; Player expected games not established; provider conventions retained without assuming 17 games,espn:4259147,3.049999999999999,2,2,limited,,season_total,
Colts D/ST,DEF,IND,170.09,,89.2,,Source update time unknown; fetch time is not content freshness; K/DEF scoring uses aggregate approximations; verify league distance/bucket rules; ADP spread unavailable; engine may use an explicitly assumed price spread; Player expected games not established; provider conventions retained without assuming 17 games,espn:-16011,,1,1,limited,,season_total,
Kene Nwangwu,RB,NYJ,170.1,,19.6,,Source update time unknown; fetch time is not content freshness; Assumed zero for two_pt: Source table does not publish two-point projections; explicit zero approximation; ADP spread unavailable; engine may use an explicitly assumed price spread; Player expected games not established; provider conventions retained without assuming 17 games,espn:4035537,,1,1,limited,,season_total,
Tua Tagovailoa,QB,ATL,170.1,,129.6,,Source update time unknown; fetch time is not content freshness; Assumed zero for two_pt: ESPN adapter does not currently map two-point projections; Assumed zero for rec: ESPN QB receiving absent; explicit zero approximation; Assumed zero for rec_yd: ESPN QB receiving absent; explicit zero approximation; Assumed zero for rec_td: ESPN QB receiving absent; explicit zero approximation; Assumed zero for two_pt: Source table does not publish two-point projections; explicit zero approximation; Assumed zero for rec: QB receiving not supplied by this table; explicit zero approximation; Assumed zero for rec_yd: QB receiving not supplied by this table; explicit zero approximation; Assumed zero for rec_td: QB receiving not supplied by this table; explicit zero approximation; ADP spread unavailable; engine may use an explicitly assumed price spread; Player expected games not established; provider conventions retained without assuming 17 games,espn:4241479,15.700000000000003,2,2,limited,,season_total,
Theo Johnson,TE,NYG,170.1,,67.6,,Source update time unknown; fetch time is not content freshness; Assumed zero for two_pt: ESPN adapter does not currently map two-point projections; Assumed zero for rush_yd: ESPN TE rushing absent; explicit zero approximation; Assumed zero for rush_td: ESPN TE rushing absent; explicit zero approximation; Assumed zero for two_pt: Source table does not publish two-point projections; explicit zero approximation; Assumed zero for rush_yd: TE rushing not supplied by this table; explicit zero approximation; Assumed zero for rush_td: TE rushing not supplied by this table; explicit zero approximation; ADP spread unavailable; engine may use an explicitly assumed price spread; Player expected games not established; provider conventions retained without assuming 17 games,espn:4429148,18.85,2,2,limited,,season_total,
Rasheen Ali,RB,BAL,170.11,,16.9,,Source update time unknown; fetch time is not content freshness; Assumed zero for two_pt: ESPN adapter does not currently map two-point projections; Assumed zero for two_pt: Source table does not publish two-point projections; explicit zero approximation; ADP spread unavailable; engine may use an explicitly assumed price spread; Player expected games not established; provider conventions retained without assuming 17 games,espn:4690013,2.6500000000000004,2,2,limited,,season_total,
Michael Penix Jr.,QB,ATL,170.11,,98.0,,Source update time unknown; fetch time is not content freshness; Assumed zero for two_pt: ESPN adapter does not currently map two-point projections; Assumed zero for rec: ESPN QB receiving absent; explicit zero approximation; Assumed zero for rec_yd: ESPN QB receiving absent; explicit zero approximation; Assumed zero for rec_td: ESPN QB receiving absent; explicit zero approximation; Assumed zero for two_pt: Source table does not publish two-point projections; explicit zero approximation; Assumed zero for rec: QB receiving not supplied by this table; explicit zero approximation; Assumed zero for rec_yd: QB receiving not supplied by this table; explicit zero approximation; Assumed zero for rec_td: QB receiving not supplied by this table; explicit zero approximation; ADP spread unavailable; engine may use an explicitly assumed price spread; Player expected games not established; provider conventions retained without assuming 17 games,espn:4360423,13.900000000000006,2,2,limited,,season_total,
Deshaun Watson,QB,CLE,170.12,,128.6,,Source update time unknown; fetch time is not content freshness; Assumed zero for two_pt: ESPN adapter does not currently map two-point projections; Assumed zero for rec: ESPN QB receiving absent; explicit zero approximation; Assumed zero for rec_yd: ESPN QB receiving absent; explicit zero approximation; Assumed zero for rec_td: ESPN QB receiving absent; explicit zero approximation; Assumed zero for two_pt: Source table does not publish two-point projections; explicit zero approximation; Assumed zero for rec: QB receiving not supplied by this table; explicit zero approximation; Assumed zero for rec_yd: QB receiving not supplied by this table; explicit zero approximation; Assumed zero for rec_td: QB receiving not supplied by this table; explicit zero approximation; ADP spread unavailable; engine may use an explicitly assumed price spread; Player expected games not established; provider conventions retained without assuming 17 games,espn:3122840,51.25000000000001,2,2,limited,,season_total,
DJ Giddens,RB,IND,170.12,,17.1,,Source update time unknown; fetch time is not content freshness; Assumed zero for two_pt: ESPN adapter does not currently map two-point projections; Assumed zero for two_pt: Source table does not publish two-point projections; explicit zero approximation; ADP spread unavailable; engine may use an explicitly assumed price spread; Player expected games not established; provider conventions retained without assuming 17 games,espn:4874509,3.799999999999999,2,2,limited,,season_total,
Najee Harris,RB,NYG,170.13,,69.0,,Source update time unknown; fetch time is not content freshness; Assumed zero for two_pt: ESPN adapter does not currently map two-point projections; Assumed zero for two_pt: Source table does not publish two-point projections; explicit zero approximation; ADP spread unavailable; engine may use an explicitly assumed price spread; Player expected games not established; provider conventions retained without assuming 17 games,espn:4241457,3.200000000000003,2,2,limited,,season_total,
Marvin Mims Jr.,WR,DEN,170.14,,54.7,,Source update time unknown; fetch time is not content freshness; Assumed zero for two_pt: ESPN adapter does not currently map two-point projections; ADP spread unavailable; engine may use an explicitly assumed price spread; Player expected games not established; provider conventions retained without assuming 17 games,espn:4686472,,1,1,limited,,season_total,
Adam Randall,RB,BAL,170.14,,70.5,,Source update time unknown; fetch time is not content freshness; Assumed zero for two_pt: Source table does not publish two-point projections; explicit zero approximation; ADP spread unavailable; engine may use an explicitly assumed price spread; Player expected games not established; provider conventions retained without assuming 17 games,espn:4685526,,1,1,limited,,season_total,
Daniel Carlson,K,NO,170.14,,127.3,,Source update time unknown; fetch time is not content freshness; K/DEF scoring uses aggregate approximations; verify league distance/bucket rules; ADP spread unavailable; engine may use an explicitly assumed price spread; Player expected games not established; provider conventions retained without assuming 17 games,espn:3051909,,1,1,limited,,season_total,
Kaelon Black,RB,SF,170.15,,83.3,,Source update time unknown; fetch time is not content freshness; Assumed zero for two_pt: ESPN adapter does not currently map two-point projections; Assumed zero for two_pt: Source table does not publish two-point projections; explicit zero approximation; ADP spread unavailable; engine may use an explicitly assumed price spread; Player expected games not established; provider conventions retained without assuming 17 games,espn:4696044,27.35,2,2,limited,,season_total,
Andrei Iosivas,WR,CIN,170.15,,69.5,,Source update time unknown; fetch time is not content freshness; Assumed zero for two_pt: ESPN adapter does not currently map two-point projections; Assumed zero for two_pt: Source table does not publish two-point projections; explicit zero approximation; ADP spread unavailable; engine may use an explicitly assumed price spread; Player expected games not established; provider conventions retained without assuming 17 games,espn:4368003,14.150000000000002,2,2,limited,,season_total,
Tory Horton,WR,SEA,170.17,,103.7,,Source update time unknown; fetch time is not content freshness; Assumed zero for two_pt: Source table does not publish two-point projections; explicit zero approximation; ADP spread unavailable; engine may use an explicitly assumed price spread; Player expected games not established; provider conventions retained without assuming 17 games,espn:4597703,,1,1,limited,,season_total,
Chig Okonkwo,TE,WAS,170.18,,95.0,,Source update time unknown; fetch time is not content freshness; Assumed zero for two_pt: ESPN adapter does not currently map two-point projections; Assumed zero for rush_yd: ESPN TE rushing absent; explicit zero approximation; Assumed zero for rush_td: ESPN TE rushing absent; explicit zero approximation; ADP spread unavailable; engine may use an explicitly assumed price spread; Player expected games not established; provider conventions retained without assuming 17 games,espn:4360635,,1,1,limited,,season_total,
Will Shipley,RB,PHI,170.18,,21.9,,Source update time unknown; fetch time is not content freshness; Assumed zero for two_pt: ESPN adapter does not currently map two-point projections; ADP spread unavailable; engine may use an explicitly assumed price spread; Player expected games not established; provider conventions retained without assuming 17 games,espn:4431545,,1,1,limited,,season_total,
Kendre Miller,RB,NO,170.18,,18.9,,Source update time unknown; fetch time is not content freshness; Assumed zero for two_pt: ESPN adapter does not currently map two-point projections; Assumed zero for two_pt: Source table does not publish two-point projections; explicit zero approximation; ADP spread unavailable; engine may use an explicitly assumed price spread; Player expected games not established; provider conventions retained without assuming 17 games,espn:4599739,1.9000000000000004,2,2,limited,,season_total,
Mike Gesicki,TE,CIN,170.19,,87.2,,Source update time unknown; fetch time is not content freshness; Assumed zero for two_pt: ESPN adapter does not currently map two-point projections; Assumed zero for rush_yd: ESPN TE rushing absent; explicit zero approximation; Assumed zero for rush_td: ESPN TE rushing absent; explicit zero approximation; Assumed zero for two_pt: Source table does not publish two-point projections; explicit zero approximation; Assumed zero for rush_yd: TE rushing not supplied by this table; explicit zero approximation; Assumed zero for rush_td: TE rushing not supplied by this table; explicit zero approximation; ADP spread unavailable; engine may use an explicitly assumed price spread; Player expected games not established; provider conventions retained without assuming 17 games,espn:3116164,9.349999999999994,2,2,limited,,season_total,
Colby Parkinson,TE,LAR,170.19,,79.6,,Source update time unknown; fetch time is not content freshness; Assumed zero for two_pt: ESPN adapter does not currently map two-point projections; Assumed zero for rush_yd: ESPN TE rushing absent; explicit zero approximation; Assumed zero for rush_td: ESPN TE rushing absent; explicit zero approximation; Assumed zero for two_pt: Source table does not publish two-point projections; explicit zero approximation; Assumed zero for rush_yd: TE rushing not supplied by this table; explicit zero approximation; Assumed zero for rush_td: TE rushing not supplied by this table; explicit zero approximation; ADP spread unavailable; engine may use an explicitly assumed price spread; Player expected games not established; provider conventions retained without assuming 17 games,espn:4242557,18.35,2,2,limited,,season_total,
Emanuel Wilson,RB,SEA,170.2,,47.2,,Source update time unknown; fetch time is not content freshness; Assumed zero for two_pt: ESPN adapter does not currently map two-point projections; Assumed zero for two_pt: Source table does not publish two-point projections; explicit zero approximation; ADP spread unavailable; engine may use an explicitly assumed price spread; Player expected games not established; provider conventions retained without assuming 17 games,espn:4887558,38.0,2,2,limited,,season_total,
Michael Mayer,TE,LV,170.2,,64.4,,Source update time unknown; fetch time is not content freshness; Assumed zero for two_pt: ESPN adapter does not currently map two-point projections; Assumed zero for rush_yd: ESPN TE rushing absent; explicit zero approximation; Assumed zero for rush_td: ESPN TE rushing absent; explicit zero approximation; Assumed zero for two_pt: Source table does not publish two-point projections; explicit zero approximation; Assumed zero for rush_yd: TE rushing not supplied by this table; explicit zero approximation; Assumed zero for rush_td: TE rushing not supplied by this table; explicit zero approximation; ADP spread unavailable; engine may use an explicitly assumed price spread; Player expected games not established; provider conventions retained without assuming 17 games,espn:4429086,2.1499999999999986,2,2,limited,,season_total,
Emari Demercado,RB,DAL,170.21,,24.9,,Source update time unknown; fetch time is not content freshness; Assumed zero for two_pt: ESPN adapter does not currently map two-point projections; Assumed zero for two_pt: Source table does not publish two-point projections; explicit zero approximation; ADP spread unavailable; engine may use an explicitly assumed price spread; Player expected games not established; provider conventions retained without assuming 17 games,espn:4362478,2.3499999999999996,2,2,limited,,season_total,
Demond Claiborne,RB,MIN,170.21,,18.5,,Source update time unknown; fetch time is not content freshness; Assumed zero for two_pt: ESPN adapter does not currently map two-point projections; Assumed zero for two_pt: Source table does not publish two-point projections; explicit zero approximation; ADP spread unavailable; engine may use an explicitly assumed price spread; Player expected games not established; provider conventions retained without assuming 17 games,espn:4832846,4.0,2,2,limited,,season_total,
Kaytron Allen,RB,WAS,170.22,,19.9,,Source update time unknown; fetch time is not content freshness; Assumed zero for two_pt: ESPN adapter does not currently map two-point projections; Assumed zero for two_pt: Source table does not publish two-point projections; explicit zero approximation; ADP spread unavailable; engine may use an explicitly assumed price spread; Player expected games not established; provider conventions retained without assuming 17 games,espn:4685246,6.3500000000000005,2,2,limited,,season_total,
Jacob Saylors,RB,DET,170.24,,34.7,,Source update time unknown; fetch time is not content freshness; Assumed zero for two_pt: ESPN adapter does not currently map two-point projections; Assumed zero for two_pt: Source table does not publish two-point projections; explicit zero approximation; ADP spread unavailable; engine may use an explicitly assumed price spread; Player expected games not established; provider conventions retained without assuming 17 games,espn:4383429,9.099999999999998,2,2,limited,,season_total,
Chase McLaughlin,K,TB,170.25,,131.6,,Source update time unknown; fetch time is not content freshness; K/DEF scoring uses aggregate approximations; verify league distance/bucket rules; ADP spread unavailable; engine may use an explicitly assumed price spread; Player expected games not established; provider conventions retained without assuming 17 games,espn:3150744,,1,1,limited,,season_total,
Nicholas Singleton,RB,TEN,170.25,,18.6,,Source update time unknown; fetch time is not content freshness; Assumed zero for two_pt: ESPN adapter does not currently map two-point projections; Assumed zero for two_pt: Source table does not publish two-point projections; explicit zero approximation; ADP spread unavailable; engine may use an explicitly assumed price spread; Player expected games not established; provider conventions retained without assuming 17 games,espn:4685555,0.9499999999999993,2,2,limited,,season_total,
Isaac TeSlaa,WR,DET,170.26,,83.9,,Source update time unknown; fetch time is not content freshness; Assumed zero for two_pt: Source table does not publish two-point projections; explicit zero approximation; ADP spread unavailable; engine may use an explicitly assumed price spread; Player expected games not established; provider conventions retained without assuming 17 games,espn:5123663,,1,1,limited,,season_total,
Oronde Gadsden,TE,LAC,170.26,,62.0,,Source update time unknown; fetch time is not content freshness; Assumed zero for two_pt: ESPN adapter does not currently map two-point projections; Assumed zero for rush_yd: ESPN TE rushing absent; explicit zero approximation; Assumed zero for rush_td: ESPN TE rushing absent; explicit zero approximation; ADP spread unavailable; engine may use an explicitly assumed price spread; Player expected games not established; provider conventions retained without assuming 17 games,espn:4595342,,1,1,limited,,season_total,
Seth McGowan,RB,IND,170.28,,30.9,,Source update time unknown; fetch time is not content freshness; Assumed zero for two_pt: ESPN adapter does not currently map two-point projections; Assumed zero for two_pt: Source table does not publish two-point projections; explicit zero approximation; ADP spread unavailable; engine may use an explicitly assumed price spread; Player expected games not established; provider conventions retained without assuming 17 games,espn:4686468,1.1500000000000004,2,2,limited,,season_total,
Tyquan Thornton,WR,KC,170.29,,94.9,,Source update time unknown; fetch time is not content freshness; Assumed zero for two_pt: Source table does not publish two-point projections; explicit zero approximation; ADP spread unavailable; engine may use an explicitly assumed price spread; Player expected games not established; provider conventions retained without assuming 17 games,espn:4362921,,1,1,limited,,season_total,
Nick Folk,K,ATL,170.29,,130.1,,Source update time unknown; fetch time is not content freshness; K/DEF scoring uses aggregate approximations; verify league distance/bucket rules; ADP spread unavailable; engine may use an explicitly assumed price spread; Player expected games not established; provider conventions retained without assuming 17 games,espn:10621,,1,1,limited,,season_total,
Cade Otton,TE,TB,170.29,,103.8,,Source update time unknown; fetch time is not content freshness; Assumed zero for two_pt: ESPN adapter does not currently map two-point projections; Assumed zero for rush_yd: ESPN TE rushing absent; explicit zero approximation; Assumed zero for rush_td: ESPN TE rushing absent; explicit zero approximation; Assumed zero for two_pt: Source table does not publish two-point projections; explicit zero approximation; Assumed zero for rush_yd: TE rushing not supplied by this table; explicit zero approximation; Assumed zero for rush_td: TE rushing not supplied by this table; explicit zero approximation; ADP spread unavailable; engine may use an explicitly assumed price spread; Player expected games not established; provider conventions retained without assuming 17 games,espn:4243331,24.349999999999994,2,2,limited,,season_total,
Jets D/ST,DEF,NYJ,170.3,,95.0,,Source update time unknown; fetch time is not content freshness; K/DEF scoring uses aggregate approximations; verify league distance/bucket rules; ADP spread unavailable; engine may use an explicitly assumed price spread; Player expected games not established; provider conventions retained without assuming 17 games,espn:-16020,,1,1,limited,,season_total,
George Holani,RB,SEA,170.33,,30.0,,Source update time unknown; fetch time is not content freshness; Assumed zero for two_pt: ESPN adapter does not currently map two-point projections; Assumed zero for two_pt: Source table does not publish two-point projections; explicit zero approximation; ADP spread unavailable; engine may use an explicitly assumed price spread; Player expected games not established; provider conventions retained without assuming 17 games,espn:4429835,7.15,2,2,limited,,season_total,
Darnell Mooney,WR,NYG,170.33,,52.8,,Source update time unknown; fetch time is not content freshness; Assumed zero for two_pt: ESPN adapter does not currently map two-point projections; ADP spread unavailable; engine may use an explicitly assumed price spread; Player expected games not established; provider conventions retained without assuming 17 games,espn:4040655,,1,1,limited,,season_total,
Sean Tucker,RB,TB,170.34,,31.4,,Source update time unknown; fetch time is not content freshness; Assumed zero for two_pt: ESPN adapter does not currently map two-point projections; Assumed zero for two_pt: Source table does not publish two-point projections; explicit zero approximation; ADP spread unavailable; engine may use an explicitly assumed price spread; Player expected games not established; provider conventions retained without assuming 17 games,espn:4430871,3.75,2,2,limited,,season_total,
Tyrone Tracy Jr.,RB,NYG,170.35,,63.4,,Source update time unknown; fetch time is not content freshness; Assumed zero for two_pt: ESPN adapter does not currently map two-point projections; Assumed zero for two_pt: Source table does not publish two-point projections; explicit zero approximation; ADP spread unavailable; engine may use an explicitly assumed price spread; Player expected games not established; provider conventions retained without assuming 17 games,espn:4360516,28.550000000000004,2,2,limited,,season_total,
LeQuint Allen Jr.,RB,JAX,170.36,,33.0,,Source update time unknown; fetch time is not content freshness; Assumed zero for two_pt: ESPN adapter does not currently map two-point projections; ADP spread unavailable; engine may use an explicitly assumed price spread; Player expected games not established; provider conventions retained without assuming 17 games,espn:4911851,,1,1,limited,,season_total,
Darren Waller,TE,CAR,170.38,,99.2,,Source update time unknown; fetch time is not content freshness; Assumed zero for two_pt: ESPN adapter does not currently map two-point projections; Assumed zero for rush_yd: ESPN TE rushing absent; explicit zero approximation; Assumed zero for rush_td: ESPN TE rushing absent; explicit zero approximation; Assumed zero for two_pt: Source table does not publish two-point projections; explicit zero approximation; Assumed zero for rush_yd: TE rushing not supplied by this table; explicit zero approximation; Assumed zero for rush_td: TE rushing not supplied by this table; explicit zero approximation; ADP spread unavailable; engine may use an explicitly assumed price spread; Player expected games not established; provider conventions retained without assuming 17 games,espn:2576925,6.700000000000003,2,2,limited,,season_total,
Antonio Williams,WR,WAS,170.41,,86.2,,Source update time unknown; fetch time is not content freshness; Assumed zero for two_pt: ESPN adapter does not currently map two-point projections; Assumed zero for two_pt: Source table does not publish two-point projections; explicit zero approximation; ADP spread unavailable; engine may use an explicitly assumed price spread; Player expected games not established; provider conventions retained without assuming 17 games,espn:5081432,22.549999999999997,2,2,limited,,season_total,
Xavier Hutchinson,WR,HOU,170.42,,83.2,,Source update time unknown; fetch time is not content freshness; Assumed zero for two_pt: ESPN adapter does not currently map two-point projections; Assumed zero for two_pt: Source table does not publish two-point projections; explicit zero approximation; ADP spread unavailable; engine may use an explicitly assumed price spread; Player expected games not established; provider conventions retained without assuming 17 games,espn:4686422,9.449999999999996,2,2,limited,,season_total,
Malik Davis,RB,DAL,170.43,,71.3,,Source update time unknown; fetch time is not content freshness; Assumed zero for two_pt: ESPN adapter does not currently map two-point projections; Assumed zero for two_pt: Source table does not publish two-point projections; explicit zero approximation; ADP spread unavailable; engine may use an explicitly assumed price spread; Player expected games not established; provider conventions retained without assuming 17 games,espn:4240603,18.050000000000004,2,2,limited,,season_total,
Brashard Smith,RB,KC,170.44,,52.8,,Source update time unknown; fetch time is not content freshness; Assumed zero for two_pt: ESPN adapter does not currently map two-point projections; Assumed zero for two_pt: Source table does not publish two-point projections; explicit zero approximation; ADP spread unavailable; engine may use an explicitly assumed price spread; Player expected games not established; provider conventions retained without assuming 17 games,espn:4596602,2.5,2,2,limited,,season_total,
DeMario Douglas,WR,NE,170.46,,66.2,,Source update time unknown; fetch time is not content freshness; Assumed zero for two_pt: ESPN adapter does not currently map two-point projections; ADP spread unavailable; engine may use an explicitly assumed price spread; Player expected games not established; provider conventions retained without assuming 17 games,espn:4427095,,1,1,limited,,season_total,
Greg Dulcich,TE,MIA,170.46,,105.0,,Source update time unknown; fetch time is not content freshness; Assumed zero for two_pt: ESPN adapter does not currently map two-point projections; Assumed zero for rush_yd: ESPN TE rushing absent; explicit zero approximation; Assumed zero for rush_td: ESPN TE rushing absent; explicit zero approximation; Assumed zero for two_pt: Source table does not publish two-point projections; explicit zero approximation; Assumed zero for rush_yd: TE rushing not supplied by this table; explicit zero approximation; Assumed zero for rush_td: TE rushing not supplied by this table; explicit zero approximation; ADP spread unavailable; engine may use an explicitly assumed price spread; Player expected games not established; provider conventions retained without assuming 17 games,espn:4367209,12.0,2,2,limited,,season_total,
Isaiah Davis,RB,NYJ,170.47,,38.5,,Source update time unknown; fetch time is not content freshness; Assumed zero for two_pt: ESPN adapter does not currently map two-point projections; Assumed zero for two_pt: Source table does not publish two-point projections; explicit zero approximation; ADP spread unavailable; engine may use an explicitly assumed price spread; Player expected games not established; provider conventions retained without assuming 17 games,espn:4695404,5.75,2,2,limited,,season_total,
Darius Slayton,WR,NYG,170.49,,79.2,,Source update time unknown; fetch time is not content freshness; Assumed zero for two_pt: ESPN adapter does not currently map two-point projections; Assumed zero for two_pt: Source table does not publish two-point projections; explicit zero approximation; ADP spread unavailable; engine may use an explicitly assumed price spread; Player expected games not established; provider conventions retained without assuming 17 games,espn:3916945,13.449999999999996,2,2,limited,,season_total,
Jordan James,RB,SF,170.51,,69.0,,Source update time unknown; fetch time is not content freshness; Assumed zero for two_pt: ESPN adapter does not currently map two-point projections; Assumed zero for two_pt: Source table does not publish two-point projections; explicit zero approximation; ADP spread unavailable; engine may use an explicitly assumed price spread; Player expected games not established; provider conventions retained without assuming 17 games,espn:4685397,41.95,2,2,limited,,season_total,
Chris Bell,WR,MIA,170.55,,104.9,,Source update time unknown; fetch time is not content freshness; Assumed zero for two_pt: Source table does not publish two-point projections; explicit zero approximation; ADP spread unavailable; engine may use an explicitly assumed price spread; Player expected games not established; provider conventions retained without assuming 17 games,espn:4869961,,1,1,limited,,season_total,
Kayshon Boutte,WR,HOU,170.58,,114.5,,Source update time unknown; fetch time is not content freshness; Assumed zero for two_pt: Source table does not publish two-point projections; explicit zero approximation; ADP spread unavailable; engine may use an explicitly assumed price spread; Player expected games not established; provider conventions retained without assuming 17 games,espn:4429022,,1,1,limited,,season_total,
Chris Brooks,RB,GB,170.59,,61.1,,Source update time unknown; fetch time is not content freshness; Assumed zero for two_pt: ESPN adapter does not currently map two-point projections; ADP spread unavailable; engine may use an explicitly assumed price spread; Player expected games not established; provider conventions retained without assuming 17 games,espn:3149687,,1,1,limited,,season_total,
Buccaneers D/ST,DEF,TB,170.59,,89.3,,Source update time unknown; fetch time is not content freshness; K/DEF scoring uses aggregate approximations; verify league distance/bucket rules; ADP spread unavailable; engine may use an explicitly assumed price spread; Player expected games not established; provider conventions retained without assuming 17 games,espn:-16027,,1,1,limited,,season_total,
Saints D/ST,DEF,NO,170.6,,87.2,,Source update time unknown; fetch time is not content freshness; K/DEF scoring uses aggregate approximations; verify league distance/bucket rules; ADP spread unavailable; engine may use an explicitly assumed price spread; Player expected games not established; provider conventions retained without assuming 17 games,espn:-16018,,1,1,limited,,season_total,
Jaylen Wright,RB,MIA,170.7,,48.3,,Source update time unknown; fetch time is not content freshness; Assumed zero for two_pt: ESPN adapter does not currently map two-point projections; Assumed zero for two_pt: Source table does not publish two-point projections; explicit zero approximation; ADP spread unavailable; engine may use an explicitly assumed price spread; Player expected games not established; provider conventions retained without assuming 17 games,espn:4682745,6.5,2,2,limited,,season_total,
Ollie Gordon II,RB,MIA,170.72,,23.4,,Source update time unknown; fetch time is not content freshness; Assumed zero for two_pt: ESPN adapter does not currently map two-point projections; Assumed zero for two_pt: Source table does not publish two-point projections; explicit zero approximation; ADP spread unavailable; engine may use an explicitly assumed price spread; Player expected games not established; provider conventions retained without assuming 17 games,espn:4711533,8.45,2,2,limited,,season_total,
Xavier Legette,WR,CAR,170.73,,75.8,,Source update time unknown; fetch time is not content freshness; Assumed zero for two_pt: ESPN adapter does not currently map two-point projections; ADP spread unavailable; engine may use an explicitly assumed price spread; Player expected games not established; provider conventions retained without assuming 17 games,espn:4430034,,1,1,limited,,season_total,
Gunnar Helm,TE,TEN,170.74,,87.8,,Source update time unknown; fetch time is not content freshness; Assumed zero for two_pt: ESPN adapter does not currently map two-point projections; Assumed zero for rush_yd: ESPN TE rushing absent; explicit zero approximation; Assumed zero for rush_td: ESPN TE rushing absent; explicit zero approximation; Assumed zero for two_pt: Source table does not publish two-point projections; explicit zero approximation; Assumed zero for rush_yd: TE rushing not supplied by this table; explicit zero approximation; Assumed zero for rush_td: TE rushing not supplied by this table; explicit zero approximation; ADP spread unavailable; engine may use an explicitly assumed price spread; Player expected games not established; provider conventions retained without assuming 17 games,espn:4686728,10.100000000000001,2,2,limited,,season_total,
Ty Johnson,RB,BUF,170.78,,83.0,,Source update time unknown; fetch time is not content freshness; Assumed zero for two_pt: ESPN adapter does not currently map two-point projections; Assumed zero for two_pt: Source table does not publish two-point projections; explicit zero approximation; ADP spread unavailable; engine may use an explicitly assumed price spread; Player expected games not established; provider conventions retained without assuming 17 games,espn:3915411,9.5,2,2,limited,,season_total,
Caleb Douglas,WR,MIA,170.91,,78.0,,Source update time unknown; fetch time is not content freshness; Assumed zero for two_pt: Source table does not publish two-point projections; explicit zero approximation; ADP spread unavailable; engine may use an explicitly assumed price spread; Player expected games not established; provider conventions retained without assuming 17 games,espn:4869645,,1,1,limited,,season_total,
Samaje Perine,RB,CIN,170.94,,87.1,,Source update time unknown; fetch time is not content freshness; Assumed zero for two_pt: ESPN adapter does not currently map two-point projections; Assumed zero for two_pt: Source table does not publish two-point projections; explicit zero approximation; ADP spread unavailable; engine may use an explicitly assumed price spread; Player expected games not established; provider conventions retained without assuming 17 games,espn:3116389,3.1000000000000014,2,2,limited,,season_total,
Ray Davis,RB,BUF,170.98,,32.1,,Source update time unknown; fetch time is not content freshness; Assumed zero for two_pt: ESPN adapter does not currently map two-point projections; ADP spread unavailable; engine may use an explicitly assumed price spread; Player expected games not established; provider conventions retained without assuming 17 games,espn:4429501,,1,1,limited,,season_total,
Dontayvion Wicks,WR,PHI,171.01,,77.6,,Source update time unknown; fetch time is not content freshness; Assumed zero for two_pt: Source table does not publish two-point projections; explicit zero approximation; ADP spread unavailable; engine may use an explicitly assumed price spread; Player expected games not established; provider conventions retained without assuming 17 games,espn:4428850,,1,1,limited,,season_total,
Kimani Vidal,RB,LAC,171.01,,53.2,,Source update time unknown; fetch time is not content freshness; Assumed zero for two_pt: ESPN adapter does not currently map two-point projections; Assumed zero for two_pt: Source table does not publish two-point projections; explicit zero approximation; ADP spread unavailable; engine may use an explicitly assumed price spread; Player expected games not established; provider conventions retained without assuming 17 games,espn:4430968,20.750000000000004,2,2,limited,,season_total,
Ryan Flournoy,WR,DAL,171.02,,72.2,,Source update time unknown; fetch time is not content freshness; Assumed zero for two_pt: ESPN adapter does not currently map two-point projections; ADP spread unavailable; engine may use an explicitly assumed price spread; Player expected games not established; provider conventions retained without assuming 17 games,espn:5083754,,1,1,limited,,season_total,
Braelon Allen,RB,NYJ,171.04,,89.6,,Source update time unknown; fetch time is not content freshness; Assumed zero for two_pt: ESPN adapter does not currently map two-point projections; Assumed zero for two_pt: Source table does not publish two-point projections; explicit zero approximation; ADP spread unavailable; engine may use an explicitly assumed price spread; Player expected games not established; provider conventions retained without assuming 17 games,espn:4685247,20.0,2,2,limited,,season_total,
Omar Cooper Jr.,WR,NYJ,171.09,,83.9,,Source update time unknown; fetch time is not content freshness; Assumed zero for two_pt: ESPN adapter does not currently map two-point projections; Assumed zero for two_pt: Source table does not publish two-point projections; explicit zero approximation; ADP spread unavailable; engine may use an explicitly assumed price spread; Player expected games not established; provider conventions retained without assuming 17 games,espn:4723820,13.350000000000001,2,2,limited,,season_total,
Jauan Jennings,WR,MIN,171.13,,128.7,,Source update time unknown; fetch time is not content freshness; Assumed zero for two_pt: Source table does not publish two-point projections; explicit zero approximation; ADP spread unavailable; engine may use an explicitly assumed price spread; Player expected games not established; provider conventions retained without assuming 17 games,espn:3886598,,1,1,limited,,season_total,
Jalen Nailor,WR,LV,171.26,,105.3,,Source update time unknown; fetch time is not content freshness; Assumed zero for two_pt: ESPN adapter does not currently map two-point projections; Assumed zero for two_pt: Source table does not publish two-point projections; explicit zero approximation; ADP spread unavailable; engine may use an explicitly assumed price spread; Player expected games not established; provider conventions retained without assuming 17 games,espn:4382466,3.6499999999999986,2,2,limited,,season_total,
Germie Bernard,WR,PIT,171.26,,88.5,,Source update time unknown; fetch time is not content freshness; Assumed zero for two_pt: ESPN adapter does not currently map two-point projections; Assumed zero for two_pt: Source table does not publish two-point projections; explicit zero approximation; ADP spread unavailable; engine may use an explicitly assumed price spread; Player expected games not established; provider conventions retained without assuming 17 games,espn:4685261,0.5499999999999972,2,2,limited,,season_total,
Adonai Mitchell,WR,NYJ,171.33,,94.4,,Source update time unknown; fetch time is not content freshness; Assumed zero for two_pt: ESPN adapter does not currently map two-point projections; Assumed zero for two_pt: Source table does not publish two-point projections; explicit zero approximation; ADP spread unavailable; engine may use an explicitly assumed price spread; Player expected games not established; provider conventions retained without assuming 17 games,espn:4597500,11.5,2,2,limited,,season_total,
Rashod Bateman,WR,BAL,171.46,,126.3,,Source update time unknown; fetch time is not content freshness; Assumed zero for two_pt: Source table does not publish two-point projections; explicit zero approximation; ADP spread unavailable; engine may use an explicitly assumed price spread; Player expected games not established; provider conventions retained without assuming 17 games,espn:4360939,,1,1,limited,,season_total,
Devaughn Vele,WR,NO,171.6,,106.6,,Source update time unknown; fetch time is not content freshness; Assumed zero for two_pt: Source table does not publish two-point projections; explicit zero approximation; ADP spread unavailable; engine may use an explicitly assumed price spread; Player expected games not established; provider conventions retained without assuming 17 games,espn:4569559,,1,1,limited,,season_total,
Jaylin Noel,WR,HOU,171.66,,97.5,,Source update time unknown; fetch time is not content freshness; Assumed zero for two_pt: ESPN adapter does not currently map two-point projections; Assumed zero for two_pt: Source table does not publish two-point projections; explicit zero approximation; ADP spread unavailable; engine may use an explicitly assumed price spread; Player expected games not established; provider conventions retained without assuming 17 games,espn:4586312,6.599999999999994,2,2,limited,,season_total,
